Id,External_Id__c
a6WDI0000008PCF2A2,
a6WDI0000008PC52AM,
a6WDI0000008PCA2A2,
a6WDI0000008PC02AM,
a6WDI0000008PCP2A2,
a6WDo000000oML1MAM,EX-000002
a6WDo000000oMKgMAM,EX-000004
a6WDo000000oMKiMAM,EX-000005
a6WDo000000oMKkMAM,EX-000006
a6WDo000000oMKlMAM,EX-000007
a6WDo000000oMKmMAM,EX-000008
a6WDo000000oMKpMAM,EX-000010
a6WDo000000oMKqMAM,EX-000011
a6WDo000000oMKrMAM,EX-000012
a6WDo000000oMKsMAM,EX-000013
a6WDo000000oMKtMAM,EX-000014
a6WDo000000oMKuMAM,EX-000015
a6WDo000000oMKvMAM,EX-000016
a6WDo000000oMakMAE,EX-000017
a6WDo000000oMauMAE,EX-000019
a6WDo000000oMazMAE,EX-000020
a6WDo000000oMKwMAM,EX-000021
a6WDo000000oMKfMAM,EX-000023
