Id,Fulfillment_Family__c
01t3i000000eiwaAAA,Horizon
01t3i000000eiwvAAA,Horizon
01tDo000000UZDTIA4,Horizon
01tDo000000UZDUIA4,Horizon
01tDo000000UZDZIA4,Horizon
01tDo000000UZDbIAO,Horizon
01tDo000000UZDeIAO,Horizon
01tDo000000UZDgIAO,Horizon
01tDo000000UZDhIAO,Horizon
01tDo000000UZDjIAO,Horizon
01tDo000000UZDlIAO,Horizon
01tDo000000UZDmIAO,Horizon
01tDo000000UZDnIAO,Horizon
01tDo000000UZDrIAO,Horizon
01tDo000000UZDsIAO,Horizon
01tDo000000UZDtIAO,Horizon
01tDo000000UZDuIAO,Horizon
01tDo000000UZDvIAO,Horizon
01tDo000000UZDwIAO,Horizon
01tDo000000UZDzIAO,Horizon
01tDo000000UZE0IAO,Horizon
01tDo000000UZE1IAO,Horizon
01tDo000000UZE3IAO,Horizon
01tDo000000UZE4IAO,Horizon
01tDo000000UZE5IAO,Horizon
01tDo000000UZE6IAO,Horizon
01tDo000000UZE7IAO,Horizon
01tDo000000UZE8IAO,Horizon
01tDo000000UZE9IAO,Horizon
01tDo000000UZEBIA4,Horizon
01tDo000000UZEFIA4,Horizon
01tDo000000UZEGIA4,Horizon
01tDo000000UZEHIA4,Horizon
01tDo000000UZEIIA4,Horizon
01tDo000000UZEKIA4,Horizon
01tDo000000UZENIA4,Horizon
01tDo000000UZEOIA4,Horizon
01tDo000000UZEPIA4,Horizon
01tDo000000UZEQIA4,Horizon
01tDo000000UZESIA4,Horizon
01tDo000000UZEZIA4,Horizon
01tDo000000UZEcIAO,Horizon
01tDo000000UZEgIAO,Horizon
01tDo000000UZEhIAO,Horizon
01tDo000000UZEiIAO,Horizon
01tDo000000UZEnIAO,Horizon
01tDo000000UZEpIAO,Horizon
01tDo000000UZErIAO,Horizon
01tDo000000UZEsIAO,Horizon
01tDo000000UZEtIAO,Horizon
01tDo000000UZEuIAO,Horizon
01tDo000000UZEwIAO,Horizon
01tDo000000UZExIAO,Horizon
01tDo000000UZEyIAO,Horizon
01tDo000000UZF0IAO,Horizon
01tDo000000UZF2IAO,Horizon
01tDo000000UZF8IAO,Horizon
01tDo000000UZF9IAO,Horizon
01tDo000000UZFBIA4,Horizon
01tDo000000UZFCIA4,Horizon
01tDo000000UZFDIA4,Horizon
01tDo000000UZFHIA4,Horizon
01tDo000000UZFIIA4,Horizon
01tDo000000UZFJIA4,Horizon
01tDo000000UZFNIA4,Horizon
01tDo000000UZFOIA4,Horizon
01tDo000000UZFPIA4,Horizon
01tDo000000UZFVIA4,Horizon
01tDo000000UZFWIA4,Horizon
01tDo000000UZFXIA4,Horizon
01tDo000000UZFYIA4,Horizon
01tDo000000UZFbIAO,Horizon
01tDo000000UZFdIAO,Horizon
01tDo000000UZFeIAO,Horizon
01tDo000000UZFhIAO,Horizon
01tDo000000UZFiIAO,Horizon
01tDo000000UZFkIAO,Horizon
01tDo000000UZFoIAO,Horizon
01tDo000000UZFqIAO,Horizon
01tDo000000UZFsIAO,Horizon
01tDo000000UZFtIAO,Horizon
01tDo000000UZFuIAO,Horizon
01tDo000000UZFvIAO,Horizon
01tDo000000UZFwIAO,Horizon
01tDo000000UZFxIAO,Horizon
01tDo000000UZFyIAO,Horizon
01tDo000000UZFzIAO,Horizon
01tDo000000UZG0IAO,Horizon
01tDo000000UZG1IAO,Horizon
01tDo000000UZG2IAO,Horizon
01tDo000000UZG3IAO,Horizon
01tDo000000UZG4IAO,Horizon
01tDo000000UZG5IAO,Horizon
01tDo000000UZG6IAO,Horizon
01tDo000000UZG7IAO,Horizon
01tDo000000UZGAIA4,Horizon
01tDo000000UZGBIA4,Horizon
01tDo000000UZGCIA4,Horizon
01tDo000000UZGDIA4,Horizon
01tDo000000UZGFIA4,Horizon
01tDo000000UZGGIA4,Horizon
01tDo000000UZGHIA4,Horizon
01tDo000000UZGIIA4,Horizon
01tDo000000UZGJIA4,Horizon
01tDo000000UZGKIA4,Horizon
01tDo000000UZGMIA4,Horizon
01tDo000000UZGNIA4,Horizon
01tDo000000UZGSIA4,Horizon
01tDo000000UZGZIA4,Horizon
01tDo000000UZGbIAO,Horizon
01tDo000000UZGcIAO,Horizon
01tDo000000UZGeIAO,Horizon
01tDo000000UZGhIAO,Horizon
01tDo000000UZGiIAO,Horizon
01tDo000000UZGjIAO,Horizon
01tDo000000UZGlIAO,Horizon
01tDo000000UZGmIAO,Horizon
01tDo000000UZGuIAO,Horizon
01tDo000000UZGvIAO,Horizon
01tDo000000UZGwIAO,Horizon
01tDo000000UZGxIAO,Horizon
01tDo000000UZGyIAO,Horizon
01tDo000000UZH1IAO,Horizon
01tDo000000UZH3IAO,Horizon
01tDo000000UZH4IAO,Horizon
01tDo000000UZH5IAO,Horizon
01tDo000000UZH7IAO,Horizon
01tDo000000UZH8IAO,Horizon
01tDo000000UZHCIA4,Horizon
01tDo000000UZHDIA4,Horizon
01tDo000000UZHKIA4,Horizon
01tDo000000UZHLIA4,Horizon
01tDo000000UZHNIA4,Horizon
01tDo000000UZHPIA4,Horizon
01tDo000000UZHQIA4,Horizon
01tDo000000UZHSIA4,Horizon
01tDo000000UZHTIA4,Horizon
01tDo000000UZHVIA4,Horizon
01tDo000000UZHXIA4,Horizon
01tDo000000UZHaIAO,Horizon
01tDo000000UZHbIAO,Horizon
01tDo000000UZHcIAO,Horizon
01tDo000000UZHdIAO,Horizon
01tDo000000UZHeIAO,Horizon
01tDo000000UZHiIAO,Horizon
01tDo000000UZHkIAO,Horizon
01tDo000000UZHsIAO,Horizon
01tDo000000UZHuIAO,Horizon
01tDo000000UZHvIAO,Horizon
01tDo000000UZHxIAO,Horizon
01tDo000000UZHzIAO,Horizon
01tDo000000UZI0IAO,Horizon
01tDo000000UZI1IAO,Horizon
01tDo000000UZI2IAO,Horizon
01tDo000000UZI3IAO,Horizon
01tDo000000UZI4IAO,Horizon
01tDo000000UZI5IAO,Horizon
01tDo000000UZI9IAO,Horizon
01tDo000000UZIAIA4,Horizon
01tDo000000UZIFIA4,Horizon
01tDo000000UZIGIA4,Horizon
01tDo000000UZIJIA4,Horizon
01tDo000000UZIKIA4,Horizon
01tDo000000UZILIA4,Horizon
01tDo000000UZIMIA4,Horizon
01tDo000000UZIRIA4,Horizon
01tDo000000UZISIA4,Horizon
01tDo000000UZIUIA4,Horizon
01tDo000000UZIXIA4,Horizon
01tDo000000UZIYIA4,Horizon
01tDo000000UZIaIAO,Horizon
01tDo000000UZIcIAO,Horizon
01tDo000000UZIdIAO,Horizon
01tDo000000UZIeIAO,Horizon
01tDo000000UZIhIAO,Horizon
01tDo000000UZIjIAO,Horizon
01tDo000000UZIkIAO,Horizon
01tDo000000UZImIAO,Horizon
01tDo000000UZItIAO,Horizon
01tDo000000UZIuIAO,Horizon
01tDo000000UZIwIAO,Horizon
01tDo000000UZIzIAO,Horizon
01tDo000000UZJ1IAO,Horizon
01tDo000000UZJ2IAO,Horizon
01tDo000000UZJ3IAO,Horizon
01tDo000000UZJ4IAO,Horizon
01tDo000000UZJ5IAO,Horizon
01tDo000000UZJ6IAO,Horizon
01tDo000000UZJ7IAO,Horizon
01tDo000000UZJ8IAO,Horizon
01tDo000000UZJAIA4,Horizon
01tDo000000UZJDIA4,Horizon
01tDo000000UZJEIA4,Horizon
01tDo000000UZJFIA4,Horizon
01tDo000000UZJIIA4,Horizon
01tDo000000UZJJIA4,Horizon
01tDo000000UZJKIA4,Horizon
01tDo000000UZJMIA4,Horizon
01tDo000000UZJOIA4,Horizon
01tDo000000UZJPIA4,Horizon
01tDo000000UZJRIA4,Horizon
01tDo000000UZJSIA4,Horizon
01tDo000000UZJTIA4,Horizon
01tDo000000UZJUIA4,Horizon
01tDo000000UZJVIA4,Horizon
01tDo000000UZJYIA4,Horizon
01tDo000000UZJZIA4,Horizon
01tDo000000UZJbIAO,Horizon
01tDo000000UZJcIAO,Horizon
01tDo000000UZJeIAO,Horizon
01tDo000000UZJfIAO,Horizon
01tDo000000UZJgIAO,Horizon
01tDo000000UZJiIAO,Horizon
01tDo000000UZJjIAO,Horizon
01tDo000000UZJnIAO,Horizon
01tDo000000UZJqIAO,Horizon
01tDo000000UZJrIAO,Horizon
01tDo000000UZJsIAO,Horizon
01tDo000000UZJvIAO,Horizon
01tDo000000UZJxIAO,Horizon
01tDo000000UZJyIAO,Horizon
01tDo000000UZK1IAO,Horizon
01tDo000000UZK2IAO,Horizon
01tDo000000UZK3IAO,Horizon
01tDo000000UZK4IAO,Horizon
01tDo000000UZK5IAO,Horizon
01tDo000000UZK6IAO,Horizon
01tDo000000UZK7IAO,Horizon
01tDo000000UZK9IAO,Horizon
01tDo000000UZKAIA4,Horizon
01tDo000000UZKBIA4,Horizon
01tDo000000UZKCIA4,Horizon
01tDo000000UZKDIA4,Horizon
01tDo000000UZKEIA4,Horizon
01tDo000000UZKFIA4,Horizon
01tDo000000UZKGIA4,Horizon
01tDo000000UZKHIA4,Horizon
01tDo000000UZKJIA4,Horizon
01tDo000000UZKLIA4,Horizon
01tDo000000UZKPIA4,Horizon
01tDo000000UZKQIA4,Horizon
01tDo000000UZKRIA4,Horizon
01tDo000000UZKSIA4,Horizon
01tDo000000UZKVIA4,Horizon
01tDo000000UZKXIA4,Horizon
01tDo000000UZKYIA4,Horizon
01tDo000000UZKaIAO,Horizon
01tDo000000UZKbIAO,Horizon
01tDo000000UZKcIAO,Horizon
01tDo000000UZKeIAO,Horizon
01tDo000000UZKfIAO,Horizon
01tDo000000UZKiIAO,Horizon
01tDo000000UZKjIAO,Horizon
01tDo000000UZKkIAO,Horizon
01tDo000000UZKnIAO,Horizon
01tDo000000UZKqIAO,Horizon
01tDo000000UZKtIAO,Horizon
01tDo000000UZKuIAO,Horizon
01tDo000000UZKvIAO,Horizon
01tDo000000UZKxIAO,Horizon
01tDo000000UZKyIAO,Horizon
01tDo000000UZL1IAO,Horizon
01tDo000000UZL3IAO,Horizon
01tDo000000UZL8IAO,Horizon
01tDo000000UZLAIA4,Horizon
01tDo000000UZLDIA4,Horizon
01tDo000000UZLEIA4,Horizon
01tDo000000UZLGIA4,Horizon
01tDo000000UZLHIA4,Horizon
01tDo000000UZLIIA4,Horizon
01tDo000000UZLKIA4,Horizon
01tDo000000UZLLIA4,Horizon
01tDo000000UZLNIA4,Horizon
01tDo000000UZLPIA4,Horizon
01tDo000000UZLVIA4,Horizon
01tDo000000UZLWIA4,Horizon
01tDo000000UZLYIA4,Horizon
01tDo000000UZLZIA4,Horizon
01tDo000000UZLbIAO,Horizon
01tDo000000UZLeIAO,Horizon
01tDo000000UZLfIAO,Horizon
01tDo000000UZLjIAO,Horizon
01tDo000000UZLsIAO,Horizon
01tDo000000UZLuIAO,Horizon
01tDo000000UZLvIAO,Horizon
01tDo000000UZLxIAO,Horizon
01tDo000000UZLyIAO,Horizon
01tDo000000UZM1IAO,Horizon
01tDo000000UZM5IAO,Horizon
01tDo000000UZM6IAO,Horizon
01tDo000000UZMAIA4,Horizon
01tDo000000UZMBIA4,Horizon
01tDo000000UZMCIA4,Horizon
01tDo000000UZMGIA4,Horizon
01tDo000000UZMIIA4,Horizon
01tDo000000UZMLIA4,Horizon
01tDo000000UZMNIA4,Horizon
01tDo000000UZMOIA4,Horizon
01tDo000000UZMPIA4,Horizon
01tDo000000UZMRIA4,Horizon
01tDo000000UZMSIA4,Horizon
01tDo000000UZMUIA4,Horizon
01tDo000000UZMWIA4,Horizon
01tDo000000UZMZIA4,Horizon
01tDo000000UZMaIAO,Horizon
01tDo000000UZMcIAO,Horizon
01tDo000000UZMhIAO,Horizon
01tDo000000UZMiIAO,Horizon
01tDo000000UZMkIAO,Horizon
01tDo000000UZMmIAO,Horizon
01tDo000000UZMoIAO,Horizon
01tDo000000UZMqIAO,Horizon
01tDo000000UZMuIAO,Horizon
01tDo000000UZMvIAO,Horizon
01tDo000000UZMwIAO,Horizon
01tDo000000UZMyIAO,Horizon
01tDo000000UZMzIAO,Horizon
01tDo000000UZN1IAO,Horizon
01tDo000000UZN3IAO,Horizon
01tDo000000UZN5IAO,Horizon
01tDo000000UZN7IAO,Horizon
01tDo000000UZN8IAO,Horizon
01tDo000000UZN9IAO,Horizon
01tDo000000UZNAIA4,Horizon
01tDo000000UZNEIA4,Horizon
01tDo000000UZNFIA4,Horizon
01tDo000000UZNIIA4,Horizon
01tDo000000UZNJIA4,Horizon
01tDo000000UZNLIA4,Horizon
01tDo000000UZNNIA4,Horizon
01tDo000000UZNOIA4,Horizon
01tDo000000UZNPIA4,Horizon
01tDo000000UZNTIA4,Horizon
01tDo000000UZNUIA4,Horizon
01tDo000000UZNYIA4,Horizon
01tDo000000UZNZIA4,Horizon
01tDo000000UZNdIAO,Horizon
01tDo000000UZNfIAO,Horizon
01tDo000000UZNhIAO,Horizon
01tDo000000UZNiIAO,Horizon
01tDo000000UZNlIAO,Horizon
01tDo000000UZNmIAO,Horizon
01tDo000000UZNnIAO,Horizon
01tDo000000UZNoIAO,Horizon
01tDo000000UZNpIAO,Horizon
01tDo000000UZNrIAO,Horizon
01tDo000000UZNsIAO,Horizon
01tDo000000UZNtIAO,Horizon
01tDo000000UZNuIAO,Horizon
01tDo000000UZNwIAO,Horizon
01tDo000000UZNyIAO,Horizon
01tDo000000UZNzIAO,Horizon
01tDo000000UZO0IAO,Horizon
01tDo000000UZO1IAO,Horizon
01tDo000000UZO2IAO,Horizon
01tDo000000UZO3IAO,Horizon
01tDo000000UZO4IAO,Horizon
01tDo000000UZO5IAO,Horizon
01tDo000000UZO6IAO,Horizon
01tDo000000UZO7IAO,Horizon
01tDo000000UZOAIA4,Horizon
01tDo000000UZOBIA4,Horizon
01tDo000000UZOCIA4,Horizon
01tDo000000UZODIA4,Horizon
01tDo000000UZOGIA4,Horizon
01tDo000000UZOJIA4,Horizon
01tDo000000UZOKIA4,Horizon
01tDo000000UZOLIA4,Horizon
01tDo000000UZOMIA4,Horizon
01tDo000000UZOOIA4,Horizon
01tDo000000UZOQIA4,Horizon
01tDo000000UZORIA4,Horizon
01tDo000000UZOSIA4,Horizon
01tDo000000UZOTIA4,Horizon
01tDo000000UZOUIA4,Horizon
01tDo000000UZOWIA4,Horizon
01tDo000000UZOZIA4,Horizon
01tDo000000UZObIAO,Horizon
01tDo000000UZOcIAO,Horizon
01tDo000000UZOeIAO,Horizon
01tDo000000UZOhIAO,Horizon
01tDo000000UZOkIAO,Horizon
01tDo000000UZOlIAO,Horizon
01tDo000000UZOoIAO,Horizon
01tDo000000UZOpIAO,Horizon
01tDo000000UZOsIAO,Horizon
01tDo000000UZOuIAO,Horizon
01tDo000000UZOwIAO,Horizon
01tDo000000UZOxIAO,Horizon
01tDo000000UZOyIAO,Horizon
01tDo000000UZP1IAO,Horizon
01tDo000000UZP3IAO,Horizon
01tDo000000UZP6IAO,Horizon
01tDo000000UZP7IAO,Horizon
01tDo000000UZP8IAO,Horizon
01tDo000000UZP9IAO,Horizon
01tDo000000UZPAIA4,Horizon
01tDo000000UZPBIA4,Horizon
01tDo000000UZPCIA4,Horizon
01tDo000000UZPDIA4,Horizon
01tDo000000UZPGIA4,Horizon
01tDo000000UZPNIA4,Horizon
01tDo000000UZPPIA4,Horizon
01tDo000000UZPQIA4,Horizon
01tDo000000UZPRIA4,Horizon
01tDo000000UZPSIA4,Horizon
01tDo000000UZPTIA4,Horizon
01tDo000000UZPUIA4,Horizon
01tDo000000UZPVIA4,Horizon
01tDo000000UZPWIA4,Horizon
01tDo000000UZPYIA4,Horizon
01tDo000000UZPZIA4,Horizon
01tDo000000UZPbIAO,Horizon
01tDo000000UZPdIAO,Horizon
01tDo000000UZPeIAO,Horizon
01tDo000000UZPfIAO,Horizon
01tDo000000UZPjIAO,Horizon
01tDo000000UZPlIAO,Horizon
01tDo000000UZPpIAO,Horizon
01tDo000000UZPqIAO,Horizon
01tDo000000UZPtIAO,Horizon
01tDo000000UZPvIAO,Horizon
01tDo000000UZPyIAO,Horizon
01tDo000000UZPzIAO,Horizon
01tDo000000UZQ1IAO,Horizon
01tDo000000UZQ2IAO,Horizon
01tDo000000UZQ4IAO,Horizon
01tDo000000UZQ5IAO,Horizon
01tDo000000UZQ6IAO,Horizon
01tDo000000UZQ8IAO,Horizon
01tDo000000UZQ9IAO,Horizon
01tDo000000UZQFIA4,Horizon
01tDo000000UZQGIA4,Horizon
01tDo000000UZQIIA4,Horizon
01tDo000000UZQKIA4,Horizon
01tDo000000UZQLIA4,Horizon
01tDo000000UZQRIA4,Horizon
01tDo000000UZQSIA4,Horizon
01tDo000000UZQWIA4,Horizon
01tDo000000UZQYIA4,Horizon
01tDo000000UZQZIA4,Horizon
01tDo000000UZQaIAO,Horizon
01tDo000000UZQfIAO,Horizon
01tDo000000UZQgIAO,Horizon
01tDo000000UZQhIAO,Horizon
01tDo000000UZQjIAO,Horizon
01tDo000000UZQkIAO,Horizon
01tDo000000UZQoIAO,Horizon
01tDo000000UZQpIAO,Horizon
01tDo000000UZQqIAO,Horizon
01tDo000000UZQrIAO,Horizon
01tDo000000UZQtIAO,Horizon
01tDo000000UZQvIAO,Horizon
01tDo000000UZQwIAO,Horizon
01tDo000000UZQxIAO,Horizon
01tDo000000UZQyIAO,Horizon
01tDo000000UZQzIAO,Horizon
01tDo000000UZR0IAO,Horizon
01tDo000000UZR1IAO,Horizon
01tDo000000UZR2IAO,Horizon
01tDo000000UZR3IAO,Horizon
01tDo000000UZR4IAO,Horizon
01tDo000000UZR5IAO,Horizon
01tDo000000UZR6IAO,Horizon
01tDo000000UZR7IAO,Horizon
01tDo000000UZR8IAO,Horizon
01tDo000000UZR9IAO,Horizon
01tDo000000UZRAIA4,Horizon
01tDo000000UZRDIA4,Horizon
01tDo000000UZREIA4,Horizon
01tDo000000UZRFIA4,Horizon
01tDo000000UZRGIA4,Horizon
01tDo000000UZRHIA4,Horizon
01tDo000000UZRIIA4,Horizon
01tDo000000UZRKIA4,Horizon
01tDo000000UZRMIA4,Horizon
01tDo000000UZROIA4,Horizon
01tDo000000UZRPIA4,Horizon
01tDo000000UZRRIA4,Horizon
01tDo000000UZRVIA4,Horizon
01tDo000000UZRYIA4,Horizon
01tDo000000UZRaIAO,Horizon
01tDo000000UZRbIAO,Horizon
01tDo000000UZRcIAO,Horizon
01tDo000000UZRdIAO,Horizon
01tDo000000UZReIAO,Horizon
01tDo000000UZRfIAO,Horizon
01tDo000000UZRgIAO,Horizon
01tDo000000UZRhIAO,Horizon
01tDo000000UZRiIAO,Horizon
01tDo000000UZRjIAO,Horizon
01tDo000000UZRkIAO,Horizon
01tDo000000UZRlIAO,Horizon
01tDo000000UZRnIAO,Horizon
01tDo000000UZRqIAO,Horizon
01tDo000000UZRsIAO,Horizon
01tDo000000UZRtIAO,Horizon
01tDo000000UZRuIAO,Horizon
01tDo000000UZRvIAO,Horizon
01tDo000000UZRwIAO,Horizon
01tDo000000UZRyIAO,Horizon
01tDo000000UZRzIAO,Horizon
01tDo000000UZS0IAO,Horizon
01tDo000000UZS1IAO,Horizon
01tDo000000UZS3IAO,Horizon
01tDo000000UZS5IAO,Horizon
01tDo000000UZS7IAO,Horizon
01tDo000000UZSLIA4,Horizon
01tDo000000UZSOIA4,Horizon
01tDo000000UZSPIA4,Horizon
01tDo000000UZSQIA4,Horizon
01tDo000000UZSWIA4,Horizon
01tDo000000UZSYIA4,Horizon
01tDo000000UZSbIAO,Horizon
01tDo000000UZScIAO,Horizon
01tDo000000UZSfIAO,Horizon
01tDo000000UZSgIAO,Horizon
01tDo000000UZShIAO,Horizon
01tDo000000UZSjIAO,Horizon
01tDo000000UZSkIAO,Horizon
01tDo000000UZSlIAO,Horizon
01tDo000000UZSnIAO,Horizon
01tDo000000UZSoIAO,Horizon
01tDo000000UZSpIAO,Horizon
01tDo000000UZSqIAO,Horizon
01tDo000000UZStIAO,Horizon
01tDo000000UZSuIAO,Horizon
01tDo000000UZSvIAO,Horizon
01tDo000000UZSwIAO,Horizon
01tDo000000UZSxIAO,Horizon
01tDo000000UZT4IAO,Horizon
01tDo000000UZT8IAO,Horizon
01tDo000000UZT9IAO,Horizon
01tDo000000UZTAIA4,Horizon
01tDo000000UZTBIA4,Horizon
01tDo000000UZTCIA4,Horizon
01tDo000000UZTDIA4,Horizon
01tDo000000UZTEIA4,Horizon
01tDo000000UZTGIA4,Horizon
01tDo000000UZTHIA4,Horizon
01tDo000000UZTMIA4,Horizon
01tDo000000UZTOIA4,Horizon
01tDo000000UZTPIA4,Horizon
01tDo000000UZTQIA4,Horizon
01tDo000000UZTRIA4,Horizon
01tDo000000UZTSIA4,Horizon
01tDo000000UZTTIA4,Horizon
01tDo000000UZTUIA4,Horizon
01tDo000000UZTVIA4,Horizon
01tDo000000UZTXIA4,Horizon
01tDo000000UZTYIA4,Horizon
01tDo000000UZTaIAO,Horizon
01tDo000000UZTbIAO,Horizon
01tDo000000UZTeIAO,Horizon
01tDo000000UZTgIAO,Horizon
01tDo000000UZThIAO,Horizon
01tDo000000UZTiIAO,Horizon
01tDo000000UZTjIAO,Horizon
01tDo000000UZTkIAO,Horizon
01tDo000000UZTlIAO,Horizon
01tDo000000UZTuIAO,Horizon
01tDo000000UZTyIAO,Horizon
01tDo000000UZU0IAO,Horizon
01tDo000000UZU1IAO,Horizon
01tDo000000UZU5IAO,Horizon
01tDo000000UZU7IAO,Horizon
01tDo000000UZUBIA4,Horizon
01tDo000000UZUCIA4,Horizon
01tDo000000UZUEIA4,Horizon
01tDo000000UZUGIA4,Horizon
01tDo000000UZUHIA4,Horizon
01tDo000000UZUJIA4,Horizon
01tDo000000UZUNIA4,Horizon
01tDo000000UZUOIA4,Horizon
01tDo000000UZUPIA4,Horizon
01tDo000000UZURIA4,Horizon
01tDo000000UZUSIA4,Horizon
01tDo000000UZUWIA4,Horizon
01tDo000000UZUXIA4,Horizon
01tDo000000UZUZIA4,Horizon
01tDo000000UZUaIAO,Horizon
01tDo000000UZUbIAO,Horizon
01tDo000000UZUhIAO,Horizon
01tDo000000UZUiIAO,Horizon
01tDo000000UZUlIAO,Horizon
01tDo000000UZUmIAO,Horizon
01tDo000000UZUnIAO,Horizon
01tDo000000UZUtIAO,Horizon
01tDo000000UZUvIAO,Horizon
01tDo000000UZV0IAO,Horizon
01tDo000000UZV2IAO,Horizon
01tDo000000UZV3IAO,Horizon
01tDo000000UZV4IAO,Horizon
01tDo000000UZV6IAO,Horizon
01tDo000000UZV7IAO,Horizon
01tDo000000UZV8IAO,Horizon
01tDo000000UZV9IAO,Horizon
01tDo000000UZVCIA4,Horizon
01tDo000000UZVDIA4,Horizon
01tDo000000UZVEIA4,Horizon
01tDo000000UZVGIA4,Horizon
01tDo000000UZVHIA4,Horizon
01tDo000000UZVIIA4,Horizon
01tDo000000UZVJIA4,Horizon
01tDo000000UZVKIA4,Horizon
01tDo000000UZVOIA4,Horizon
01tDo000000UZVQIA4,Horizon
01tDo000000UZVRIA4,Horizon
01tDo000000UZVSIA4,Horizon
01tDo000000UZVTIA4,Horizon
01tDo000000UZVUIA4,Horizon
01tDo000000UZVVIA4,Horizon
01tDo000000UZVWIA4,Horizon
01tDo000000UZVXIA4,Horizon
01tDo000000UZVYIA4,Horizon
01tDo000000UZVZIA4,Horizon
01tDo000000UZVeIAO,Horizon
01tDo000000UZVfIAO,Horizon
01tDo000000UZVhIAO,Horizon
01tDo000000UZViIAO,Horizon
01tDo000000UZVjIAO,Horizon
01tDo000000UZVkIAO,Horizon
01tDo000000UZVlIAO,Horizon
01tDo000000UZVoIAO,Horizon
01tDo000000UZVpIAO,Horizon
01tDo000000UZVrIAO,Horizon
01tDo000000UZVsIAO,Horizon
01tDo000000UZVwIAO,Horizon
01tDo000000UZVzIAO,Horizon
01tDo000000UZW0IAO,Horizon
01tDo000000UZW2IAO,Horizon
01tDo000000UZW3IAO,Horizon
01tDo000000UZW4IAO,Horizon
01tDo000000UZW5IAO,Horizon
01tDo000000UZW8IAO,Horizon
01tDo000000UZW9IAO,Horizon
01tDo000000UZWEIA4,Horizon
01tDo000000UZWIIA4,Horizon
01tDo000000UZWJIA4,Horizon
01tDo000000UZWKIA4,Horizon
01tDo000000UZWNIA4,Horizon
01tDo000000UZWPIA4,Horizon
01tDo000000UZWRIA4,Horizon
01tDo000000UZWUIA4,Horizon
01tDo000000UZWVIA4,Horizon
01tDo000000UZWWIA4,Horizon
01tDo000000UZWYIA4,Horizon
01tDo000000UZWbIAO,Horizon
01tDo000000UZWcIAO,Horizon
01tDo000000UZWdIAO,Horizon
01tDo000000UZWeIAO,Horizon
01tDo000000UZWfIAO,Horizon
01tDo000000UZWjIAO,Horizon
01tDo000000UZWoIAO,Horizon
01tDo000000UZWpIAO,Horizon
01tDo000000UZWsIAO,Horizon
01tDo000000UZWtIAO,Horizon
01tDo000000UZWuIAO,Horizon
01tDo000000UZWwIAO,Horizon
01tDo000000UZWxIAO,Horizon
01tDo000000UZWzIAO,Horizon
01tDo000000UZX1IAO,Horizon
01tDo000000UZX2IAO,Horizon
01tDo000000UZX3IAO,Horizon
01tDo000000UZX6IAO,Horizon
01tDo000000UZX7IAO,Horizon
01tDo000000UZX8IAO,Horizon
01tDo000000UZXAIA4,Horizon
01tDo000000UZXBIA4,Horizon
01tDo000000UZXDIA4,Horizon
01tDo000000UZXHIA4,Horizon
01tDo000000UZXJIA4,Horizon
01tDo000000UZXLIA4,Horizon
01tDo000000UZXMIA4,Horizon
01tDo000000UZXNIA4,Horizon
01tDo000000UZXQIA4,Horizon
01tDo000000UZXRIA4,Horizon
01tDo000000UZXTIA4,Horizon
01tDo000000UZXUIA4,Horizon
01tDo000000UZXVIA4,Horizon
01tDo000000UZXWIA4,Horizon
01tDo000000UZXXIA4,Horizon
01tDo000000UZXZIA4,Horizon
01tDo000000UZXaIAO,Horizon
01tDo000000UZXcIAO,Horizon
01tDo000000UZXfIAO,Horizon
01tDo000000UZXgIAO,Horizon
01tDo000000UZXhIAO,Horizon
01tDo000000UZXiIAO,Horizon
01tDo000000UZXjIAO,Horizon
01tDo000000UZXkIAO,Horizon
01tDo000000UZXlIAO,Horizon
01tDo000000UZXpIAO,Horizon
01tDo000000UZXqIAO,Horizon
01tDo000000UZXsIAO,Horizon
01tDo000000UZXtIAO,Horizon
01tDo000000UZXuIAO,Horizon
01tDo000000UZXxIAO,Horizon
01tDo000000UZXyIAO,Horizon
01tDo000000UZY0IAO,Horizon
01tDo000000UZY1IAO,Horizon
01tDo000000UZY2IAO,Horizon
01tDo000000UZY7IAO,Horizon
01tDo000000UZY8IAO,Horizon
01tDo000000UZY9IAO,Horizon
01tDo000000UZYBIA4,Horizon
01tDo000000UZYCIA4,Horizon
01tDo000000UZYDIA4,Horizon
01tDo000000UZYFIA4,Horizon
01tDo000000UZYGIA4,Horizon
01tDo000000UZYKIA4,Horizon
01tDo000000UZYLIA4,Horizon
01tDo000000UZYMIA4,Horizon
01tDo000000UZYNIA4,Horizon
01tDo000000UZYQIA4,Horizon
01tDo000000UZYSIA4,Horizon
01tDo000000UZYWIA4,Horizon
01tDo000000UZYXIA4,Horizon
01tDo000000UZYYIA4,Horizon
01tDo000000UZYbIAO,Horizon
01tDo000000UZYgIAO,Horizon
01tDo000000UZYiIAO,Horizon
01tDo000000UZYnIAO,Horizon
01tDo000000UZYoIAO,Horizon
01tDo000000UZYtIAO,Horizon
01tDo000000UZYwIAO,Horizon
01tDo000000UZZiIAO,Horizon
01tDo000000UZaFIAW,Horizon
01tDo000000UZaJIAW,Horizon
01tDo000000UZcLIAW,Horizon
01tDo000000UZcjIAG,Horizon
01tDo000000UZd6IAG,Horizon
01tDo000000UZdvIAG,Horizon
01tDo000000UZdzIAG,Horizon
01tDo000000UZeGIAW,Horizon
01tDo000000UZeJIAW,Horizon
01tDo000000UZehIAG,Horizon
01tDo000000UZeiIAG,Horizon
01tDo000000UZenIAG,Horizon
01tDo000000UZgCIAW,Horizon
01tDo000000UZiNIAW,Horizon
01tDo000000UZibIAG,Horizon
01tDo000000UZjYIAW,Horizon
01tDo000000UZjZIAW,Horizon
01tDo000000UZjoIAG,Horizon
01tDo000000UZjuIAG,Horizon
01tDo000000UZjzIAG,Horizon
01tDo000000UZk9IAG,Horizon
01tDo000000UZlEIAW,Horizon
01tDo000000UZlFIAW,Horizon
01tDo000000UZmtIAG,Horizon
01tDo000000UZnHIAW,Horizon
01tDo000000UZnJIAW,Horizon
01tDo000000UZncIAG,Horizon
01tDo000000UZoUIAW,Horizon
01tDo000000UZokIAG,Horizon
01tDo000000UZomIAG,Horizon
01tDo000000UZpEIAW,Horizon
01tDo000000UZqVIAW,Horizon
01tDo000000UZrSIAW,Horizon
01tDo000000UZs1IAG,Horizon
01tDo000000UZsZIAW,Horizon
01tDo000000UZtkIAG,Horizon
01tDo000000UZtlIAG,Horizon
01tDo000000UZvMIAW,Horizon
01tDo000000UZvOIAW,Horizon
01tDo000000UZvTIAW,Horizon
01tDo000000UZwPIAW,Horizon
01tDo000000UZxBIAW,Horizon
01tDo000000UZxGIAW,Horizon
01tDo000000UZxIIAW,Horizon
01tDo000000UZxcIAG,Horizon
01tDo000000UZxuIAG,Horizon
01tDo000000Ua0JIAS,Horizon
01tDo000000Ua0MIAS,Horizon
01tDo000000Ua0ZIAS,Horizon
01tDo000000Ua0cIAC,Horizon
01tDo000000Ua0vIAC,Horizon
01tDo000000Ua3FIAS,Horizon
01tDo000000Ua3GIAS,Horizon
01tDo000000Ua3LIAS,Horizon
01tDo000000Ua3eIAC,Horizon
01tDo000000Ua3xIAC,Horizon
01tDo000000Ua5xIAC,Horizon
01tDo000000Ua62IAC,Horizon
01tDo000000Ua68IAC,Horizon
01tDo000000Ua6RIAS,Horizon
01tDo000000Ua7pIAC,Horizon
01tDo000000Ua80IAC,Horizon
01tDo000000Ua8MIAS,Horizon
01tDo000000Ua8uIAC,Horizon
01tDo000000Ua96IAC,Horizon
01tDo000000Ua9HIAS,Horizon
01tDo000000Ua9lIAC,Horizon
01tDo000000UaBDIA0,Horizon
01tDo000000UaBIIA0,Horizon
01tDo000000UaBRIA0,Horizon
01tDo000000UaCjIAK,Horizon
01tDo000000UaCrIAK,Horizon
01tDo000000UaEAIA0,Horizon
01tDo000000UaEEIA0,Horizon
01tDo000000UaESIA0,Horizon
01tDo000000UaEWIA0,Horizon
01tDo000000UaGcIAK,Horizon
01tDo000000UaGeIAK,Horizon
01tDo000000UaHoIAK,Horizon
01tDo000000UaI2IAK,Horizon
01tDo000000UaIGIA0,Horizon
01tDo000000UaJ0IAK,Horizon
01tDo000000UaJ3IAK,Horizon
01tDo000000UaJCIA0,Horizon
01tDo000000UaJOIA0,Horizon
01tDo000000UaJTIA0,Horizon
01tDo000000UaJZIA0,Horizon
01tDo000000UaLbIAK,Horizon
01tDo000000UaNEIA0,Horizon
01tDo000000UaNFIA0,Horizon
01tDo000000UaNGIA0,Horizon
01tDo000000UaNZIA0,Horizon
01tDo000000UaNtIAK,Horizon
01tDo000000UaOhIAK,Horizon
01tDo000000UaOjIAK,Horizon
01tDo000000UaSIIA0,Horizon
01tDo000000UaSSIA0,Horizon
01tDo000000UaT3IAK,Horizon
01tDo000000UaTFIA0,Horizon
01tDo000000UaTlIAK,Horizon
01tDo000000UtPzIAK,Horizon
01tDo000000VDDgIAO,Horizon
01tDo000000u3bDIAQ,Horizon
