Id,SBQQ__SortOrder__c,Product_Line__c
01tDo000000UaRqIAK,,Market Sizing
01tDo000000UaSMIA0,,Print Advertising
01tDo000000UaSSIA0,,Integrations
01tDo000000UaSkIAK,,Forecasting
01tDo000000UaSxIAK,,Advisory
01tDo000000UaTJIA0,,Market Sizing
01tDo000000UaTLIA0,,Data Licensing
01tDo000000UaTPIA0,,Forecasting
01tDo000000VBcdIAG,,
01tDo000000UZiHIAW,,Advisory
01tDo000000UZikIAG,,Advisory
01tDo000000UZioIAG,,Print Advertising
01tDo000000UZjiIAG,,Print Advertising
01tDo000000UZksIAG,,Market Intelligence
01tDo000000UZlLIAW,,Print Advertising
01tDo000000UZlOIAW,,Print Advertising
01tDo000000UZmDIAW,,Advisory
01tDo000000UZmkIAG,,Advisory
01tDo000000UZnEIAW,,Advisory
01tDo000000UZoFIAW,,Print Advertising
01tDo000000UZotIAG,,Market Sizing
01tDo000000UZpQIAW,,Market Sizing
01tDo000000UZrSIAW,,Plan Room
01tDo000000UZrbIAG,,Advisory
01tDo000000UZrgIAG,,Advisory
01tDo000000UZrnIAG,,Sweets
01tDo000000UZscIAG,,Market Intelligence
01tDo000000UZsgIAG,,Forecasting
01tDo000000UZtVIAW,,Print Advertising
01tDo000000UZuNIAW,,Market Sizing
01tDo000000UZv4IAG,,Print Advertising
01tDo000000UZvJIAW,,Print Advertising
01tDo000000UZvyIAG,,Market Intelligence
01tDo000000UZw9IAG,,Sweets
01tDo000000UZxAIAW,,Advisory
01tDo000000UZxBIAW,,Business Intelligence
01tDo000000UZyVIAW,,Print Advertising
01tDo000000UZyiIAG,,Market Sizing
01tDo000000Ua0OIAS,,Market Sizing
01tDo000000Ua1BIAS,,Market Sizing
01tDo000000Ua1xIAC,,Sweets
01tDo000000Ua2jIAC,,Advisory
01tDo000000Ua4BIAS,,Print Advertising
01tDo000000Ua4ZIAS,,Print Advertising
01tDo000000Ua5yIAC,,Print Advertising
01tDo000000Ua60IAC,,Print Advertising
01tDo000000Ua61IAC,,Print Advertising
01tDo000000Ua6bIAC,,Market Intelligence
01tDo000000Ua7CIAS,,Market Sizing
01tDo000000Ua8DIAS,,Advisory
01tDo000000Ua9FIAS,,Market Sizing
01tDo000000Ua9VIAS,,Print Advertising
01tDo000000Ua9tIAC,,Market Sizing
01tDo000000UaA4IAK,,Integrations
01tDo000000UaCXIA0,,Advisory
01tDo000000UaCbIAK,,Forecasting
01tDo000000UaCcIAK,,Advisory
01tDo000000UaDXIA0,,Forecasting
01tDo000000UaDfIAK,,Advisory
01tDo000000UaEtIAK,,Print Advertising
01tDo000000UaHJIA0,,Print Advertising
01tDo000000UaHPIA0,,Advisory
01tDo000000UaHsIAK,,Market Sizing
01tDo000000UaJfIAK,,Market Intelligence
01tDo000000UaK8IAK,,Market Intelligence
01tDo000000UaLeIAK,,Forecasting
01tDo000000UaMTIA0,,Print Advertising
01tDo000000UaMXIA0,,Market Intelligence
01tDo000000UaMeIAK,,Advisory
01tDo000000UaNCIA0,,Sweets
01tDo000000UaNHIA0,,Market Sizing
01tDo000000UaNUIA0,,Other Products
01tDo000000UaPEIA0,,Print Advertising
01tDo000000UZMqIAO,,Applications
01tDo000000UZNgIAO,,Platform
01tDo000000UZNxIAO,,Market Sizing
01tDo000000UZP7IAO,,Data Licensing
01tDo000000UZPFIA4,,Market Sizing
01tDo000000UZPcIAO,,Market Sizing
01tDo000000UZPgIAO,,Sweets
01tDo000000UZPkIAO,,Plan Room
01tDo000000UZPpIAO,,Print
01tDo000000UZPrIAO,,Market Intelligence
01tDo000000UZQ0IAO,,Platform
01tDo000000UZQ5IAO,,Strategic Partnerships
01tDo000000UZQ7IAO,,Market Sizing
01tDo000000UZQCIA4,,Market Intelligence
01tDo000000UZQIIA4,,Market Intelligence
01tDo000000UZQLIA4,,Print
01tDo000000UZQUIA4,,Platform
01tDo000000UZQfIAO,,Integrations
01tDo000000UZQiIAO,,Market Sizing
01tDo000000UZRXIA4,,Market Sizing
01tDo000000UZRpIAO,,Forecasting
01tDo000000UZSWIA4,,Forecasting
01tDo000000UZSaIAO,,Platform
01tDo000000UZSmIAO,,Forecasting
01tDo000000UZT0IAO,,Sweets
01tDo000000UZTkIAO,,Integrations
01tDo000000UZTwIAO,,Platform
01tDo000000UZTyIAO,,Data Licensing
01tDo000000UZU8IAO,,Market Intelligence
01tDo000000UZUXIA4,,Integrations
01tDo000000UZUcIAO,,Print Advertising
01tDo000000UZUfIAO,,Platform
01tDo000000UZVEIA4,,Sweets
01tDo000000UZVPIA4,,Plan Room
01tDo000000UZVaIAO,,Market Sizing
01tDo000000UZWSIA4,,Forecasting
01tDo000000UZWlIAO,,Print
01tDo000000UZX3IAO,,Integrations
01tDo000000UZXCIA4,,Market Sizing
01tDo000000UZXEIA4,,Market Sizing
01tDo000000UZXFIA4,,IMS
01tDo000000UZXGIA4,,Platform
01tDo000000UZXIIA4,,Market Intelligence
01tDo000000UZY8IAO,,Integrations
01tDo000000UZY9IAO,,Integrations
01tDo000000UZYHIA4,,Market Sizing
01tDo000000UZYJIA4,,Platform
01tDo000000UZYYIA4,,Strategic Partnerships
01tDo000000UZYsIAO,,Plan Room
01tDo000000UZYxIAO,,Platform
01tDo000000UZZIIA4,,Market Intelligence
01tDo000000UZZNIA4,,Print Advertising
01tDo000000UZZcIAO,,Market Sizing
01tDo000000UZZdIAO,,Print Advertising
01tDo000000UZb5IAG,,Forecasting
01tDo000000UZcLIAW,,Business Intelligence
01tDo000000UZciIAG,,Advisory
01tDo000000UZcjIAG,,Plan Room
01tDo000000UZdKIAW,,Advisory
01tDo000000UZdNIAW,,Data Licensing
01tDo000000UZdRIAW,,Forecasting
01tDo000000UZdVIAW,,Forecasting
01tDo000000UZeGIAW,,Market Sizing
01tDo000000UZiEIAW,,Print Advertising
01t3i000000eiwWAAQ,,
01t3i000000eiwXAAQ,,
01t3i000000eiwYAAQ,,Sweets
01t3i000000eiwZAAQ,,
01t3i000000eiwbAAA,,
01t3i000000eiwgAAA,,
01t3i000000eiwhAAA,,
01t3i000000eiwlAAA,,
01t3i000000eiwvAAA,,
01t3i000000ekR9AAI,,
01t3i000000ekTxAAI,,
01t3i000000ekTyAAI,,
01t3i000000ekU2AAI,,
01t3i000000ekU7AAI,,
01t3i000000ekUCAAY,,
01t3i000000ekUHAAY,,
01t3i000000ekUMAAY,,
01t3i000000ekURAAY,,Market Intelligence
01t3i000000ekXPAAY,,
01t3i000000eknDAAQ,,
01t3i000000eknEAAQ,,
01t3i000000eknGAAQ,,
01t3i000000eknQAAQ,,
01t3i000000eknRAAQ,,
01t3i000000eknVAAQ,,
01t3i000000eknaAAA,,
01t3i000000eknfAAA,,Market Intelligence
01t3i000000eknkAAA,,
01t3i000000el4eAAA,,
01t3i000000el4jAAA,,
01t3i000000el4oAAA,,
01t3i000000el4yAAA,,
01t3i000000el53AAA,,Forecasting
01t3i000000el54AAA,,
01t3i000000el5DAAQ,,
01t3i000000el5NAAQ,,
01t3i000000fwC3AAI,,
01tDo000000UZDWIA4,,Market Sizing
01tDo000000UZDcIAO,,Market Intelligence
01tDo000000UZDkIAO,,Sweets
01tDo000000UZEoIAO,,Sweets
01tDo000000UZEzIAO,,Plan Room
01tDo000000UZF2IAO,,Forecasting
01tDo000000UZF8IAO,,Print
01tDo000000UZFUIA4,,Market Intelligence
01tDo000000UZFZIA4,,Platform
01tDo000000UZFaIAO,,Platform
01tDo000000UZHDIA4,,Print
01tDo000000UZHEIA4,,Strategic Partnerships
01tDo000000UZHKIA4,,Advisory
01tDo000000UZHWIA4,,Market Sizing
01tDo000000UZHbIAO,,Print
01tDo000000UZHnIAO,,Print
01tDo000000UZJEIA4,,Advisory
01tDo000000UZJHIA4,,Market Sizing
01tDo000000UZJLIA4,,Advisory
01tDo000000UZKoIAO,,Forecasting
01tDo000000UZL2IAO,,Print Advertising
01tDo000000UZLHIA4,,Integrations
01tDo000000UZLVIA4,,Print
01tDo000000UZLcIAO,,Market Intelligence
01tDo000000UZLkIAO,,Market Intelligence
01tDo000000UZLwIAO,,Market Intelligence
01tDo000000UZMlIAO,,Print
01tDo000000UaDrIAK,,
01tDo000000UZLXIA4,,
01tDo000000UaTYIA0,,
01tDo000000Ua1bIAC,,
01tDo000000UZh9IAG,,
01tDo000000UaHQIA0,,
01tDo000000UZwAIAW,,
01tDo000000UZclIAG,,
01tDo000000UaIoIAK,,
01tDo000000UZyUIAW,,
01tDo000000UZeLIAW,,
01tDo000000UaDYIA0,,
01tDo000000UZsxIAG,,
01tDo000000UaT9IAK,,
01tDo000000Ua15IAC,,
01tDo000000UZgbIAG,,
01tDo000000UaH1IAK,,
01tDo000000UZvrIAG,,
01tDo000000UZc6IAG,,
01tDo000000UaBtIAK,,
01tDo000000UZy5IAG,,
01tDo000000UaHgIAK,,
01tDo000000UZwCIAW,,
01tDo000000UZwcIAG,,
01tDo000000UZbcIAG,,
01tDo000000UZc3IAG,,
01tDo000000UaIzIAK,,
01tDo000000UaJeIAK,,
01tDo000000UZNMIA4,,
01tDo000000UZykIAG,,
01tDo000000UZeYIAW,,
01tDo000000UZe6IAG,,
01tDo000000UaDxIAK,,
01tDo000000UaE2IAK,,
01tDo000000UZtOIAW,,
01tDo000000UZtsIAG,,
01tDo000000UaTaIAK,,
01tDo000000UaMwIAK,,
01tDo000000UZP4IAO,,
01tDo000000Ua1EIAS,,
01tDo000000UZhIIAW,,
01tDo000000UZhAIAW,,
01tDo000000UaHRIA0,,
01tDo000000UZUjIAO,,
01tDo000000UZMVIA4,,
01tDo000000UZwiIAG,,
01tDo000000UZcrIAG,,
01tDo000000UZcDIAW,,
01tDo000000UZVBIA4,,
01tDo000000UZVAIA4,,
01tDo000000UZyYIAW,,
01tDo000000UZyrIAG,,
01tDo000000UZeKIAW,,
01tDo000000UZFrIAO,,
01tDo000000UaEZIA0,,
01tDo000000UaE8IAK,,
01tDo000000UZLSIA4,,
01tDo000000UaTQIA0,,
01tDo000000UaN0IAK,,
01tDo000000Ua1VIAS,,
01tDo000000Ua2OIAS,,
01tDo000000UZguIAG,,
01tDo000000UZhOIAW,,
01tDo000000UZULIA4,,
01tDo000000UZUFIA4,,
01tDo000000UZw5IAG,,
01tDo000000UZMrIAO,,
01tDo000000UZcdIAG,,
01tDo000000UZkCIAW,,
01tDo000000UaIkIAK,,
01tDo000000UaIuIAK,,
01tDo000000UZyPIAW,,
01tDo000000UZeQIAW,,
01tDo000000UaDqIAK,,
01tDo000000UZtIIAW,,
01tDo000000UaTXIA0,,
01tDo000000Ua1cIAC,,
01tDo000000UZhBIAW,,
01tDo000000UaHTIA0,,
01tDo000000UZMTIA4,,
01tDo000000UZcmIAG,,
01tDo000000Ua2fIAC,,
01tDo000000UZGkIAO,,
01tDo000000UZizIAG,,
01tDo000000UaHmIAK,,
01tDo000000UaHSIA0,,
01tDo000000UZwjIAG,,
01tDo000000UZx0IAG,,
01tDo000000UZcAIAW,,
01tDo000000UZkFIAW,,
01tDo000000UaInIAK,,
01tDo000000UaIxIAK,,
01tDo000000UZynIAG,,
01tDo000000UZyMIAW,,
01tDo000000UZfPIAW,,
01tDo000000UZfhIAG,,
01tDo000000UZTLIA4,,
01tDo000000UZTcIAO,,
01tDo000000UZt9IAG,,
01tDo000000UZtJIAW,,
01tDo000000UaN5IAK,,
01tDo000000UZWXIA4,,
01tDo000000Ua2RIAS,,
01tDo000000UZPKIA4,,
01tDo000000UZhLIAW,,
01tDo000000UZigIAG,,
01tDo000000UaHAIA0,,
01tDo000000UaHLIA0,,
01tDo000000UZwuIAG,,
01tDo000000UZwJIAW,,
01tDo000000UZkBIAW,,
01tDo000000UZHwIAO,,
01tDo000000UaIwIAK,,
01tDo000000UaJxIAK,,
01tDo000000UZyKIAW,,
01tDo000000UZyQIAW,,
01tDo000000UZfiIAG,,
01tDo000000UZefIAG,,
01tDo000000UaF2IAK,,
01tDo000000UaFNIA0,,
01tDo000000UZtCIAW,,
01tDo000000UZJBIA4,,
01tDo000000UaN8IAK,,
01tDo000000UaMqIAK,,
01tDo000000Ua2VIAS,,
01tDo000000Ua1sIAC,,
01tDo000000UZhZIAW,,
01tDo000000UZHOIA4,,
01tDo000000UZUIIA4,,
01tDo000000UaITIA0,,
01tDo000000UZx5IAG,,
01tDo000000UZwYIAW,,
01tDo000000UZkGIAW,,
01tDo000000UZcEIAW,,
01tDo000000UaIsIAK,,
01tDo000000UZysIAG,,
01tDo000000UZfZIAW,,
01tDo000000UaE9IAK,,
01tDo000000UZt4IAG,,
01tDo000000UaN1IAK,,
01tDo000000UZPIIA4,,
01tDo000000UZhNIAW,,
01tDo000000UaH9IAK,,
01tDo000000UZo5IAG,,
01tDo000000UaMiIAK,,
01tDo000000UaNuIAK,,
01tDo000000Ua2YIAS,,
01tDo000000Ua2LIAS,,
01tDo000000UZifIAG,,
01tDo000000UZiQIAW,,
01tDo000000UZUMIA4,,
01tDo000000UaILIA0,,
01tDo000000UZwSIAW,,
01tDo000000UZMjIAO,,
01tDo000000UZkPIAW,,
01tDo000000UZHrIAO,,
01tDo000000UZVgIAO,,
01tDo000000UaKDIA0,,
01tDo000000UZyZIAW,,
01tDo000000UZOHIA4,,
01tDo000000UZesIAG,,
01tDo000000UZetIAG,,
01tDo000000UaFPIA0,,
01tDo000000UaEwIAK,,
01tDo000000UZnmIAG,,
01tDo000000UZnlIAG,,
01tDo000000UaMtIAK,,
01tDo000000UaO4IAK,,
01tDo000000Ua1mIAC,,
01tDo000000Ua1lIAC,,
01tDo000000UZjNIAW,,
01tDo000000UZiZIAW,,
01tDo000000UaIRIA0,,
01tDo000000UaISIA0,,
01tDo000000UZMnIAO,,
01tDo000000Ua5rIAC,,
01tDo000000UZk0IAG,,
01tDo000000UZHlIAO,,
01tDo000000UaKHIA0,,
01tDo000000UaJrIAK,,
01tDo000000UZzhIAG,,
01tDo000000UZziIAG,,
01tDo000000UZfDIAW,,
01tDo000000UZg7IAG,,
01tDo000000UaFFIA0,,
01tDo000000UaEgIAK,,
01tDo000000UZniIAG,,
01tDo000000UZnOIAW,,
01tDo000000UaMlIAK,,
01tDo000000UaNhIAK,,
01tDo000000Ua1hIAC,,
01tDo000000Ua3mIAC,,
01tDo000000UZjGIAW,,
01tDo000000UZiCIAW,,
01tDo000000UaIKIA0,,
01tDo000000UaHMIA0,,
01tDo000000UZwIIAW,,
01tDo000000UZkJIAW,,
01tDo000000UaJwIAK,,
01tDo000000UZyRIAW,,
01tDo000000UZegIAG,,
01tDo000000UaFOIA0,,
01tDo000000UZJCIA4,,
01tDo000000UaMpIAK,,
01tDo000000Ua1rIAC,,
01tDo000000UZfzIAG,,
01tDo000000UaEhIAK,,
01tDo000000Ua9cIAC,,
01tDo000000UZJGIA4,,
01tDo000000UZnGIAW,,
01tDo000000UaNoIAK,,
01tDo000000UaNVIA0,,
01tDo000000Ua28IAC,,
01tDo000000Ua3YIAS,,
01tDo000000UZiLIAW,,
01tDo000000UZiMIAW,,
01tDo000000UaIcIAK,,
01tDo000000UaIDIA0,,
01tDo000000Ua5jIAC,,
01tDo000000Ua5XIAS,,
01tDo000000UZjxIAG,,
01tDo000000UZIDIA4,,
01tDo000000UaJpIAK,,
01tDo000000UaJiIAK,,
01tDo000000UZzZIAW,,
01tDo000000UZzFIAW,,
01tDo000000UZg6IAG,,
01tDo000000UZGEIA4,,
01tDo000000UaEjIAK,,
01tDo000000UZRJIA4,,
01tDo000000UZnSIAW,,
01tDo000000UZJ0IAO,,
01tDo000000UaNiIAK,,
01tDo000000UaNQIA0,,
01tDo000000Ua3nIAC,,
01tDo000000Ua3UIAS,,
01tDo000000UZiBIAW,,
01tDo000000UZHhIAO,,
01tDo000000UaI7IAK,,
01tDo000000UaHyIAK,,
01tDo000000Ua5SIAS,,
01tDo000000Ua57IAC,,
01tDo000000UZlIIAW,,
01tDo000000UZl0IAG,,
01tDo000000UaJgIAK,,
01tDo000000UaL9IAK,,
01tDo000000UZzCIAW,,
01tDo000000UZz5IAG,,
01tDo000000UZgEIAW,,
01tDo000000UZfyIAG,,
01tDo000000UaEnIAK,,
01tDo000000Ua9OIAS,,
01tDo000000UZnWIAW,,
01tDo000000UZovIAG,,
01tDo000000UaNsIAK,,
01tDo000000UaNLIA0,,
01tDo000000Ua3rIAC,,
01tDo000000Ua1nIAC,,
01tDo000000UZH9IAO,,
01tDo000000UZUuIAO,,
01tDo000000Ua5qIAC,,
01tDo000000UZk2IAG,,
01tDo000000UaJsIAK,,
01tDo000000UZO8IAO,,
01tDo000000UZg8IAG,,
01tDo000000UaEiIAK,,
01tDo000000UZnPIAW,,
01tDo000000UaL5IAK,,
01tDo000000UZzOIAW,,
01tDo000000Ua0yIAC,,
01tDo000000UZg2IAG,,
01tDo000000UZfvIAG,,
01tDo000000Ua9sIAC,,
01tDo000000Ua8zIAC,,
01tDo000000UZnNIAW,,
01tDo000000UZodIAG,,
01tDo000000UaNdIAK,,
01tDo000000UaP7IAK,,
01tDo000000Ua3kIAC,,
01tDo000000Ua39IAC,,
01tDo000000UZjgIAG,,
01tDo000000UZjXIAW,,
01tDo000000UaHwIAK,,
01tDo000000UaR1IAK,,
01tDo000000Ua55IAC,,
01tDo000000Ua4mIAC,,
01tDo000000UZkxIAG,,
01tDo000000UZklIAG,,
01tDo000000UaLFIA0,,
01tDo000000UaKvIAK,,
01tDo000000UZz6IAG,,
01tDo000000Ua0mIAC,,
01tDo000000UZfxIAG,,
01tDo000000UZfoIAG,,
01tDo000000Ua9NIAS,,
01tDo000000UaAAIA0,,
01tDo000000UZoqIAG,,
01tDo000000UZnbIAG,,
01tDo000000UZWvIAO,,
01tDo000000UaPQIA0,,
01tDo000000Ua3OIAS,,
01tDo000000Ua4fIAC,,
01tDo000000UZjcIAG,,
01tDo000000UZHFIA4,,
01tDo000000UaRZIA0,,
01tDo000000Ua4xIAC,,
01tDo000000Ua4vIAC,,
01tDo000000UZkqIAG,,
01tDo000000UZHyIAO,,
01tDo000000UaL1IAK,,
01tDo000000UaLvIAK,,
01tDo000000UZyxIAG,,
01tDo000000UZzGIAW,,
01tDo000000UZfwIAG,,
01tDo000000UZaTIAW,,
01tDo000000UZRCIA4,,
01tDo000000UaAIIA0,,
01tDo000000UZolIAG,,
01tDo000000UZnDIAW,,
01tDo000000UaNPIA0,,
01tDo000000Ua3VIAS,,
01tDo000000UZjmIAG,,
01tDo000000UaHxIAK,,
01tDo000000Ua58IAC,,
01tDo000000UZl1IAG,,
01tDo000000UaL8IAK,,
01tDo000000UZz7IAG,,
01tDo000000UZG8IAO,,
01tDo000000Ua5CIAS,,
01tDo000000UZkpIAG,,
01tDo000000UZIfIAO,,
01tDo000000UaKxIAK,,
01tDo000000UaMAIA0,,
01tDo000000Ua0rIAC,,
01tDo000000UZzXIAW,,
01tDo000000UZfuIAG,,
01tDo000000UZaaIAG,,
01tDo000000Ua8rIAC,,
01tDo000000Ua8UIAS,,
01tDo000000UZoaIAG,,
01tDo000000UZnwIAG,,
01tDo000000UaOzIAK,,
01tDo000000UaPYIA0,,
01tDo000000Ua2zIAC,,
01tDo000000Ua2wIAC,,
01tDo000000UZjVIAW,,
01tDo000000UZjLIAW,,
01tDo000000UaQqIAK,,
01tDo000000UaRkIAK,,
01tDo000000UZQBIA4,,
01tDo000000Ua5FIAS,,
01tDo000000UZkcIAG,,
01tDo000000UZIgIAO,,
01tDo000000UZVyIAO,,
01tDo000000UaMGIA0,,
01tDo000000Ua0eIAC,,
01tDo000000UZO9IAO,,
01tDo000000UZaRIAW,,
01tDo000000UZaeIAG,,
01tDo000000UaAEIA0,,
01tDo000000Ua8dIAC,,
01tDo000000UZngIAG,,
01tDo000000UZnqIAG,,
01tDo000000UaPTIA0,,
01tDo000000UaPiIAK,,
01tDo000000Ua2pIAC,,
01tDo000000Ua35IAC,,
01tDo000000UZjFIAW,,
01tDo000000UZrNIAW,,
01tDo000000UaRcIAK,,
01tDo000000UaRuIAK,,
01tDo000000Ua53IAC,,
01tDo000000Ua5NIAS,,
01tDo000000UZm8IAG,,
01tDo000000UZmlIAG,,
01tDo000000UaM1IAK,,
01tDo000000UaKTIA0,,
01tDo000000UZzLIAW,,
01tDo000000Ua01IAC,,
01tDo000000UZaWIAW,,
01tDo000000UZfmIAG,,
01tDo000000UaA9IAK,,
01tDo000000UZnZIAW,,
01tDo000000UaPOIA0,,
01tDo000000Ua4dIAC,,
01tDo000000UZixIAG,,
01tDo000000UaRXIA0,,
01tDo000000Ua4tIAC,,
01tDo000000UZkLIAW,,
01tDo000000UaLsIAK,,
01tDo000000UZrzIAG,,
01tDo000000UaRlIAK,,
01tDo000000UaQNIA0,,
01tDo000000Ua5KIAS,,
01tDo000000Ua5mIAC,,
01tDo000000UZmQIAW,,
01tDo000000UZmwIAG,,
01tDo000000UaMRIA0,,
01tDo000000UaKpIAK,,
01tDo000000UZzlIAG,,
01tDo000000UZuuIAG,,
01tDo000000UZafIAG,,
01tDo000000UZayIAG,,
01tDo000000Ua8gIAC,,
01tDo000000Ua9LIAS,,
01tDo000000UZo3IAG,,
01tDo000000UZq2IAG,,
01tDo000000UaPgIAK,,
01tDo000000UaQ1IAK,,
01tDo000000Ua34IAC,,
01tDo000000Ua3SIAS,,
01tDo000000UZrJIAW,,
01tDo000000UZrxIAG,,
01tDo000000UaRwIAK,,
01tDo000000UaQFIA0,,
01tDo000000Ua5QIAS,,
01tDo000000Ua5dIAC,,
01tDo000000UZmWIAW,,
01tDo000000UZmrIAG,,
01tDo000000UaKJIA0,,
01tDo000000UZVvIAO,,
01tDo000000UZzpIAG,,
01tDo000000UZuqIAG,,
01tDo000000UZalIAG,,
01tDo000000UZDyIAO,,
01tDo000000Ua8oIAC,,
01tDo000000Ua9BIAS,,
01tDo000000UZq5IAG,,
01tDo000000UZqDIAW,,
01tDo000000UaQ9IAK,,
01tDo000000UaOFIA0,,
01tDo000000Ua3bIAC,,
01tDo000000Ua3aIAC,,
01tDo000000UZs2IAG,,
01tDo000000UZsTIAW,,
01tDo000000UaQPIA0,,
01tDo000000UaQOIA0,,
01tDo000000Ua5lIAC,,
01tDo000000Ua7vIAC,,
01tDo000000UZmZIAW,,
01tDo000000UZmuIAG,,
01tDo000000UaKMIA0,,
01tDo000000UaMHIA0,,
01tDo000000UZzeIAG,,
01tDo000000UZagIAG,,
01tDo000000Ua8cIAC,,
01tDo000000UZnpIAG,,
01tDo000000UaPhIAK,,
01tDo000000Ua33IAC,,
01tDo000000UZrMIAW,,
01tDo000000UaRvIAK,,
01tDo000000Ua5MIAS,,
01tDo000000UaOEIA0,,
01tDo000000Ua3WIAS,,
01tDo000000UaDBIA0,,
01tDo000000UZroIAG,,
01tDo000000UZsAIAW,,
01tDo000000UaQGIA0,,
01tDo000000UaQxIAK,,
01tDo000000Ua5bIAC,,
01tDo000000Ua7WIAS,,
01tDo000000UZmnIAG,,
01tDo000000UZleIAG,,
01tDo000000UaKiIAK,,
01tDo000000UaKtIAK,,
01tDo000000UZvZIAW,,
01tDo000000UZasIAG,,
01tDo000000UZZQIA4,,
01tDo000000Ua98IAC,,
01tDo000000Ua9IIAS,,
01tDo000000UZqHIAW,,
01tDo000000UZqZIAW,,
01tDo000000UaOLIA0,,
01tDo000000UaOKIA0,,
01tDo000000Ua3tIAC,,
01tDo000000UaDMIA0,,
01tDo000000UZsIIAW,,
01tDo000000UZKsIAO,,
01tDo000000UaQdIAK,,
01tDo000000UaRBIA0,,
01tDo000000Ua7lIAC,,
01tDo000000Ua7iIAC,,
01tDo000000UZn7IAG,,
01tDo000000UZljIAG,,
01tDo000000UaKzIAK,,
01tDo000000UaL4IAK,,
01tDo000000UZvCIAW,,
01tDo000000UZDaIAO,,
01tDo000000Ua9qIAC,,
01tDo000000UZqOIAW,,
01tDo000000UaOaIAK,,
01tDo000000UaDAIA0,,
01tDo000000UZs8IAG,,
01tDo000000UaQyIAK,,
01tDo000000Ua86IAC,,
01tDo000000UZx6IAG,,
01tDo000000UaJKIA0,,
01tDo000000UaClIAK,,
01tDo000000UZd7IAG,,
01tDo000000UaRLIA0,,
01tDo000000UZsuIAG,,
01tDo000000UZIrIAO,,
01tDo000000Ua7yIAC,,
01tDo000000UZnIIAW,,
01tDo000000UZi2IAG,,
01tDo000000Ua3fIAC,,
01tDo000000UZw0IAG,,
01tDo000000UaMkIAK,,
01tDo000000UZJ9IAO,,
01tDo000000UZoxIAG,,
01tDo000000UZGnIAO,,
01tDo000000UZjCIAW,,
01tDo000000Ua3zIAC,,
01tDo000000Ua3QIAS,,
01tDo000000UZwmIAG,,
01tDo000000UZwQIAW,,
01tDo000000UaIJIA0,,
01tDo000000UaJcIAK,,
01tDo000000UZSSIA4,,
01tDo000000UaDbIAK,,
01tDo000000UZebIAG,,
01tDo000000UZeBIAW,,
01tDo000000UZYTIA4,,
01tDo000000UaSmIAK,,
01tDo000000UZsfIAG,,
01tDo000000UZtUIAW,,
01tDo000000UZm6IAG,,
01tDo000000UZmTIAW,,
01tDo000000UaMzIAK,,
01tDo000000UaMUIA0,,
01tDo000000UZoOIAW,,
01tDo000000UZogIAG,,
01tDo000000UZhbIAG,,
01tDo000000UZijIAG,,
01tDo000000Ua30IAC,,
01tDo000000Ua3DIAS,,
01tDo000000UZMxIAO,,
01tDo000000UZwaIAG,,
01tDo000000UaJIIA0,,
01tDo000000UaJEIA0,,
01tDo000000UaCaIAK,,
01tDo000000UZT5IAO,,
01tDo000000UZdnIAG,,
01tDo000000UZFKIA4,,
01tDo000000UaT0IAK,,
01tDo000000UaSTIA0,,
01tDo000000UZtdIAG,,
01tDo000000UZtZIAW,,
01tDo000000UZmiIAG,,
01tDo000000UZDqIAO,,
01tDo000000UaMcIAK,,
01tDo000000UaMYIA0,,
01tDo000000UZopIAG,,
01tDo000000UZoIIAW,,
01tDo000000UZj4IAG,,
01tDo000000UZipIAG,,
01tDo000000Ua2rIAC,,
01tDo000000Ua4bIAC,,
01tDo000000UZwwIAG,,
01tDo000000UZwfIAG,,
01tDo000000UaI9IAK,,
01tDo000000UaCCIA0,,
01tDo000000UZePIAW,,
01tDo000000UaScIAK,,
01tDo000000UZshIAG,,
01tDo000000UZmBIAW,,
01tDo000000UaN2IAK,,
01tDo000000UZoPIAW,,
01tDo000000UZhMIAW,,
01tDo000000UZtLIAW,,
01tDo000000UZmSIAW,,
01tDo000000UZa1IAG,,
01tDo000000UaMWIA0,,
01tDo000000UaO0IAK,,
01tDo000000UZooIAG,,
01tDo000000UZoAIAW,,
01tDo000000UZiuIAG,,
01tDo000000UZiVIAW,,
01tDo000000Ua3HIAS,,
01tDo000000Ua4LIAS,,
01tDo000000UZMfIAO,,
01tDo000000UZy6IAG,,
01tDo000000UaJRIA0,,
01tDo000000UaIlIAK,,
01tDo000000UaDSIA0,,
01tDo000000UZSsIAO,,
01tDo000000UZe0IAG,,
01tDo000000UZflIAG,,
01tDo000000UaSHIA0,,
01tDo000000UaSGIA0,,
01tDo000000UZtoIAG,,
01tDo000000UZtMIAW,,
01tDo000000UZa3IAG,,
01tDo000000UZa2IAG,,
01tDo000000UaMoIAK,,
01tDo000000UaO6IAK,,
01tDo000000UZoBIAW,,
01tDo000000UZoCIAW,,
01tDo000000UZjOIAW,,
01tDo000000UZiaIAG,,
01tDo000000Ua4SIAS,,
01tDo000000Ua4RIAS,,
01tDo000000UZwLIAW,,
01tDo000000UZyGIAW,,
01tDo000000UaIvIAK,,
01tDo000000UaIqIAK,,
01tDo000000UaDQIA0,,
01tDo000000UaDFIA0,,
01tDo000000UZffIAG,,
01tDo000000UZfLIAW,,
01tDo000000UaSEIA0,,
01tDo000000UaTdIAK,,
01tDo000000UZtGIAW,,
01tDo000000UZt2IAG,,
01tDo000000UZZsIAO,,
01tDo000000UZZfIAO,,
01tDo000000UaNyIAK,,
01tDo000000UaNgIAK,,
01tDo000000UZo6IAG,,
01tDo000000UZpzIAG,,
01tDo000000UZj8IAG,,
01tDo000000UZiiIAG,,
01tDo000000Ua3EIAS,,
01tDo000000UZwZIAW,,
01tDo000000UaJGIA0,,
01tDo000000UaDjIAK,,
01tDo000000UZdmIAG,,
01tDo000000UaSUIA0,,
01tDo000000UZtYIAW,,
01tDo000000UZaIIAW,,
01tDo000000UaMZIA0,,
01tDo000000UZFmIAO,,
01tDo000000UaSKIA0,,
01tDo000000UaTbIAK,,
01tDo000000UZtQIAW,,
01tDo000000Ua9eIAC,,
01tDo000000UZa9IAG,,
01tDo000000UZZTIA4,,
01tDo000000UaO9IAK,,
01tDo000000UaNYIA0,,
01tDo000000UZJQIA4,,
01tDo000000UZpfIAG,,
01tDo000000UZHBIA4,,
01tDo000000UZjqIAG,,
01tDo000000Ua4VIAS,,
01tDo000000Ua49IAC,,
01tDo000000UZyFIAW,,
01tDo000000UZxfIAG,,
01tDo000000UaIrIAK,,
01tDo000000UaK9IAK,,
01tDo000000UaDOIA0,,
01tDo000000UaCwIAK,,
01tDo000000UZfMIAW,,
01tDo000000UZf1IAG,,
01tDo000000UaTcIAK,,
01tDo000000UZYrIAO,,
01tDo000000UZszIAG,,
01tDo000000Ua9WIAS,,
01tDo000000UZZeIAO,,
01tDo000000UZZPIA4,,
01tDo000000UaNkIAK,,
01tDo000000UaNTIA0,,
01tDo000000UZpuIAG,,
01tDo000000UZpaIAG,,
01tDo000000UZiFIAW,,
01tDo000000UZjjIAG,,
01tDo000000Ua4CIAS,,
01tDo000000UZPhIAO,,
01tDo000000UZxnIAG,,
01tDo000000UZxXIAW,,
01tDo000000UaKEIA0,,
01tDo000000UaK4IAK,,
01tDo000000UaD2IAK,,
01tDo000000UaEUIA0,,
01tDo000000UZfCIAW,,
01tDo000000UZekIAG,,
01tDo000000UaTWIA0,,
01tDo000000UaSiIAK,,
01tDo000000Ua9jIAC,,
01tDo000000UZRQIA4,,
01tDo000000UZZVIA4,,
01tDo000000UZZUIA4,,
01tDo000000UaNXIA0,,
01tDo000000UaO5IAK,,
01tDo000000UZoDIAW,,
01tDo000000UZHAIA4,,
01tDo000000Ua4TIAS,,
01tDo000000UZyEIAW,,
01tDo000000UaIpIAK,,
01tDo000000UZSrIAO,,
01tDo000000UZFnIAO,,
01tDo000000UaTeIAK,,
01tDo000000UZLRIA4,,
01tDo000000UaJ7IAK,,
01tDo000000UaD0IAK,,
01tDo000000UaEsIAK,,
01tDo000000UZf8IAG,,
01tDo000000UZejIAG,,
01tDo000000UaTSIA0,,
01tDo000000UaSnIAK,,
01tDo000000Ua9TIAS,,
01tDo000000UaA1IAK,,
01tDo000000UZZJIA4,,
01tDo000000UZZgIAO,,
01tDo000000UaNNIA0,,
01tDo000000UaPAIA0,,
01tDo000000UZpXIAW,,
01tDo000000UZqTIAW,,
01tDo000000UZjnIAG,,
01tDo000000UZihIAG,,
01tDo000000Ua46IAC,,
01tDo000000Ua63IAC,,
01tDo000000UZxUIAW,,
01tDo000000UZxHIAW,,
01tDo000000UaK2IAK,,
01tDo000000UaJFIA0,,
01tDo000000UaEYIA0,,
01tDo000000UaEvIAK,,
01tDo000000UZerIAG,,
01tDo000000UZeqIAG,,
01tDo000000UaTKIA0,,
01tDo000000UaSzIAK,,
01tDo000000Ua9JIAS,,
01tDo000000UaA6IAK,,
01tDo000000UZaxIAG,,
01tDo000000UZZoIAO,,
01tDo000000UaNIIA0,,
01tDo000000UaPLIA0,,
01tDo000000UZpOIAW,,
01tDo000000UZqXIAW,,
01tDo000000UZjbIAG,,
01tDo000000UZj9IAG,,
01tDo000000Ua5uIAC,,
01tDo000000Ua6EIAS,,
01tDo000000UZxPIAW,,
01tDo000000UZxOIAW,,
01tDo000000UZVcIAO,,
01tDo000000UaJaIAK,,
01tDo000000UaEKIA0,,
01tDo000000UaF9IAK,,
01tDo000000UZgHIAW,,
01tDo000000UZfFIAW,,
01tDo000000UZYVIA4,,
01tDo000000UaGWIA0,,
01tDo000000Ua9yIAC,,
01tDo000000Ua9XIAS,,
01tDo000000UZZOIA4,,
01tDo000000UaNSIA0,,
01tDo000000UZpZIAW,,
01tDo000000UZjkIAG,,
01tDo000000Ua45IAC,,
01tDo000000UZxVIAW,,
01tDo000000UaK3IAK,,
01tDo000000UaETIA0,,
01tDo000000UZelIAG,,
01tDo000000Ua6NIAS,,
01tDo000000UZyqIAG,,
01tDo000000UZxgIAG,,
01tDo000000UaJHIA0,,
01tDo000000UaLXIA0,,
01tDo000000UaExIAK,,
01tDo000000UaFRIA0,,
01tDo000000UZewIAG,,
01tDo000000UZfYIAW,,
01tDo000000UaSwIAK,,
01tDo000000UaGhIAK,,
01tDo000000UaA8IAK,,
01tDo000000Ua8YIAS,,
01tDo000000UZZpIAO,,
01tDo000000UZaHIAW,,
01tDo000000UaPNIA0,,
01tDo000000UaPtIAK,,
01tDo000000UZqYIAW,,
01tDo000000UZpPIAW,,
01tDo000000UZHGIA4,,
01tDo000000UZkeIAG,,
01tDo000000Ua6CIAS,,
01tDo000000Ua6YIAS,,
01tDo000000UZxNIAW,,
01tDo000000UZxYIAW,,
01tDo000000UaJQIA0,,
01tDo000000UZWAIA4,,
01tDo000000UaF1IAK,,
01tDo000000UZf0IAG,,
01tDo000000UaGGIA0,,
01tDo000000UaACIA0,,
01tDo000000UZZrIAO,,
01tDo000000UaPSIA0,,
01tDo000000UZXbIAO,,
01tDo000000UZozIAG,,
01tDo000000UZpLIAW,,
01tDo000000UZjHIAW,,
01tDo000000UZkYIAW,,
01tDo000000Ua6HIAS,,
01tDo000000Ua6UIAS,,
01tDo000000UZxWIAW,,
01tDo000000UZNDIA4,,
01tDo000000UaLMIA0,,
01tDo000000UZWHIA4,,
01tDo000000UaFIIA0,,
01tDo000000UaDuIAK,,
01tDo000000UZfVIAW,,
01tDo000000UZepIAG,,
01tDo000000UaSyIAK,,
01tDo000000UaA5IAK,,
01tDo000000UZDfIAO,,
01tDo000000UaPMIA0,,
01tDo000000UZqWIAW,,
01tDo000000UZjAIAW,,
01tDo000000Ua6DIAS,,
01tDo000000UZxQIAW,,
01tDo000000UaJbIAK,,
01tDo000000UZpgIAG,,
01tDo000000UZjJIAW,,
01tDo000000UZkWIAW,,
01tDo000000Ua6IIAS,,
01tDo000000Ua5BIAS,,
01tDo000000UZxTIAW,,
01tDo000000UZxoIAG,,
01tDo000000UaLOIA0,,
01tDo000000UaM8IAK,,
01tDo000000UaFHIA0,,
01tDo000000UaDoIAK,,
01tDo000000UZfKIAW,,
01tDo000000UZv3IAG,,
01tDo000000UaGXIA0,,
01tDo000000UaGpIAK,,
01tDo000000Ua8QIAS,,
01tDo000000Ua9YIAS,,
01tDo000000UZaAIAW,,
01tDo000000UZbfIAG,,
01tDo000000UZXeIAO,,
01tDo000000UaOSIA0,,
01tDo000000UZpGIAW,,
01tDo000000UZpbIAG,,
01tDo000000UZkUIAW,,
01tDo000000UZlGIAW,,
01tDo000000Ua6SIAS,,
01tDo000000Ua5HIAS,,
01tDo000000UZxxIAG,,
01tDo000000UZxyIAG,,
01tDo000000UaLnIAK,,
01tDo000000UaMQIA0,,
01tDo000000UaDvIAK,,
01tDo000000UZTFIA4,,
01tDo000000UZfkIAG,,
01tDo000000UZvEIAW,,
01tDo000000UaGvIAK,,
01tDo000000UaGxIAK,,
01tDo000000Ua8yIAC,,
01tDo000000Ua9fIAC,,
01tDo000000UZbsIAG,,
01tDo000000UZbqIAG,,
01tDo000000UaQ7IAK,,
01tDo000000UZXOIA4,,
01tDo000000UZJwIAO,,
01tDo000000UZkvIAG,,
01tDo000000UZlUIAW,,
01tDo000000Ua51IAC,,
01tDo000000Ua52IAC,,
01tDo000000UZNXIA4,,
01tDo000000Ua0UIAS,,
01tDo000000UaM4IAK,,
01tDo000000UZWBIA4,,
01tDo000000UaFDIA0,,
01tDo000000UZfNIAW,,
01tDo000000UaGYIA0,,
01tDo000000Ua8SIAS,,
01tDo000000UZaBIAW,,
01tDo000000UaPfIAK,,
01tDo000000UZpMIAW,,
01tDo000000UZkZIAW,,
01tDo000000Ua6VIAS,,
01tDo000000UZccIAG,,
01tDo000000UaQ0IAK,,
01tDo000000UaOAIA0,,
01tDo000000UZpYIAW,,
01tDo000000UZrvIAG,,
01tDo000000UZkgIAG,,
01tDo000000UZkyIAG,,
01tDo000000Ua5JIAS,,
01tDo000000Ua5fIAC,,
01tDo000000UZy0IAG,,
01tDo000000Ua0FIAS,,
01tDo000000UaMMIA0,,
01tDo000000UaKnIAK,,
01tDo000000UaDwIAK,,
01tDo000000UaEHIA0,,
01tDo000000UZv9IAG,,
01tDo000000UZvhIAG,,
01tDo000000UaGyIAK,,
01tDo000000UaFfIAK,,
01tDo000000Ua9mIAC,,
01tDo000000UaBfIAK,,
01tDo000000UZbxIAG,,
01tDo000000UZEdIAO,,
01tDo000000UaOYIA0,,
01tDo000000UaP2IAK,,
01tDo000000UZphIAG,,
01tDo000000UZrdIAG,,
01tDo000000UZlRIAW,,
01tDo000000UZl4IAG,,
01tDo000000Ua4oIAC,,
01tDo000000Ua0PIAS,,
01tDo000000Ua08IAC,,
01tDo000000UaLtIAK,,
01tDo000000UaKcIAK,,
01tDo000000UaEVIA0,,
01tDo000000UaEGIA0,,
01tDo000000UZutIAG,,
01tDo000000UZM8IAO,,
01tDo000000UaFkIAK,,
01tDo000000UaFaIAK,,
01tDo000000Ua93IAC,,
01tDo000000UaBeIAK,,
01tDo000000UZcbIAG,,
01tDo000000UZcVIAW,,
01tDo000000UaOIIA0,,
01tDo000000UaP0IAK,,
01tDo000000UZKmIAO,,
01tDo000000UZrWIAW,,
01tDo000000UZl6IAG,,
01tDo000000Ua5iIAC,,
01tDo000000Ua5IIAS,,
01tDo000000UZxzIAG,,
01tDo000000UaMPIA0,,
01tDo000000UaDyIAK,,
01tDo000000UZvFIAW,,
01tDo000000UaGwIAK,,
01tDo000000Ua9gIAC,,
01tDo000000UZbrIAG,,
01tDo000000UaOdIAK,,
01tDo000000UZprIAG,,
01tDo000000UaGBIA0,,
01tDo000000Ua9GIAS,,
01tDo000000UaBJIA0,,
01tDo000000UZckIAG,,
01tDo000000UZbJIAW,,
01tDo000000UZXSIA4,,
01tDo000000UZs4IAG,,
01tDo000000UZsWIAW,,
01tDo000000UZl8IAG,,
01tDo000000UZk1IAG,,
01tDo000000Ua5pIAC,,
01tDo000000Ua7zIAC,,
01tDo000000Ua07IAC,,
01tDo000000Ua0gIAC,,
01tDo000000UaKbIAK,,
01tDo000000UaLEIA0,,
01tDo000000UaECIA0,,
01tDo000000Ua2ZIAS,,
01tDo000000UZvYIAW,,
01tDo000000UZLqIAO,,
01tDo000000UaFVIA0,,
01tDo000000UaFlIAK,,
01tDo000000UaBXIA0,,
01tDo000000UaB8IAK,,
01tDo000000UZcKIAW,,
01tDo000000UZbQIAW,,
01tDo000000UaOrIAK,,
01tDo000000UaRdIAK,,
01tDo000000UZrOIAW,,
01tDo000000UZrkIAG,,
01tDo000000UZkAIAW,,
01tDo000000UZkOIAW,,
01tDo000000Ua5ZIAS,,
01tDo000000Ua8GIAS,,
01tDo000000Ua0wIAC,,
01tDo000000Ua0VIAS,,
01tDo000000UZVtIAO,,
01tDo000000UaKUIA0,,
01tDo000000Ua2KIAS,,
01tDo000000Ua2kIAC,,
01tDo000000UZvXIAW,,
01tDo000000UZuUIAW,,
01tDo000000UaBWIA0,,
01tDo000000UaBKIA0,,
01tDo000000UZbLIAW,,
01tDo000000UZbXIAW,,
01tDo000000UaOpIAK,,
01tDo000000UaRpIAK,,
01tDo000000UZKzIAO,,
01tDo000000UZrcIAG,,
01tDo000000UZl3IAG,,
01tDo000000Ua5hIAC,,
01tDo000000Ua09IAC,,
01tDo000000UaKdIAK,,
01tDo000000UaEFIA0,,
01tDo000000UZvdIAG,,
01tDo000000UaFbIAK,,
01tDo000000UZS4IAO,,
01tDo000000UZcWIAW,,
01tDo000000Ua1gIAC,,
01tDo000000UZvHIAW,,
01tDo000000UZuaIAG,,
01tDo000000UaG5IAK,,
01tDo000000UaIOIA0,,
01tDo000000UZRoIAO,,
01tDo000000UaBcIAK,,
01tDo000000UZbBIAW,,
01tDo000000UZb6IAG,,
01tDo000000UZXPIA4,,
01tDo000000UaRzIAK,,
01tDo000000UZsNIAW,,
01tDo000000UZqzIAG,,
01tDo000000UZjvIAG,,
01tDo000000UZHmIAO,,
01tDo000000Ua7tIAC,,
01tDo000000UZQdIAO,,
01tDo000000Ua0aIAC,,
01tDo000000UZzqIAG,,
01tDo000000UaLAIA0,,
01tDo000000UZhjIAG,,
01tDo000000Ua2gIAC,,
01tDo000000Ua24IAC,,
01tDo000000UZuSIAW,,
01tDo000000UZtxIAG,,
01tDo000000UaFuIAK,,
01tDo000000UaIgIAK,,
01tDo000000UaBMIA0,,
01tDo000000UaAlIAK,,
01tDo000000UZbYIAW,,
01tDo000000UZbIIAW,,
01tDo000000UaRoIAK,,
01tDo000000UaS6IAK,,
01tDo000000UZKlIAO,,
01tDo000000UZKWIA4,,
01tDo000000UZjwIAG,,
01tDo000000UZk6IAG,,
01tDo000000UZQsIAO,,
01tDo000000Ua7cIAC,,
01tDo000000UZzSIAW,,
01tDo000000UZOEIA4,,
01tDo000000UaKkIAK,,
01tDo000000Ua1kIAC,,
01tDo000000Ua25IAC,,
01tDo000000UZudIAG,,
01tDo000000UZtwIAG,,
01tDo000000UaIQIA0,,
01tDo000000UZUxIAO,,
01tDo000000UaBYIA0,,
01tDo000000UaAfIAK,,
01tDo000000UZb4IAG,,
01tDo000000UZbRIAW,,
01tDo000000UaReIAK,,
01tDo000000UZrlIAG,,
01tDo000000UZkNIAW,,
01tDo000000Ua8HIAS,,
01tDo000000Ua0WIAS,,
01tDo000000UaKVIA0,,
01tDo000000UZuTIAW,,
01tDo000000UaFxIAK,,
01tDo000000UZyvIAG,,
01tDo000000UZhiIAG,,
01tDo000000UZi3IAG,,
01tDo000000Ua1oIAC,,
01tDo000000Ua1PIAS,,
01tDo000000UZugIAG,,
01tDo000000UZuHIAW,,
01tDo000000UaIUIA0,,
01tDo000000UaI5IAK,,
01tDo000000UaBkIAK,,
01tDo000000UaB3IAK,,
01tDo000000UZb7IAG,,
01tDo000000UZeIIAW,,
01tDo000000UaS8IAK,,
01tDo000000UaRbIAK,,
01tDo000000UZKZIA4,,
01tDo000000UZqmIAG,,
01tDo000000UZHoIAO,,
01tDo000000UZn9IAG,,
01tDo000000UZQeIAO,,
01tDo000000Ua7KIAS,,
01tDo000000UZOFIA4,,
01tDo000000UZzIIAW,,
01tDo000000UZhpIAG,,
01tDo000000UZhEIAW,,
01tDo000000Ua2JIAS,,
01tDo000000Ua1eIAC,,
01tDo000000UZu2IAG,,
01tDo000000UZwoIAG,,
01tDo000000UaIXIA0,,
01tDo000000UaIIIA0,,
01tDo000000UaAeIAK,,
01tDo000000UaAUIA0,,
01tDo000000UZbCIAW,,
01tDo000000UZecIAG,,
01tDo000000UaRPIA0,,
01tDo000000UaRQIA0,,
01tDo000000UZrIIAW,,
01tDo000000UZqwIAG,,
01tDo000000UZn2IAG,,
01tDo000000UZn1IAG,,
01tDo000000Ua87IAC,,
01tDo000000Ua7SIAS,,
01tDo000000UZz2IAG,,
01tDo000000UZi6IAG,,
01tDo000000UZhcIAG,,
01tDo000000Ua1TIAS,,
01tDo000000Ua1SIAS,,
01tDo000000UZuJIAW,,
01tDo000000UZx3IAG,,
01tDo000000UaI4IAK,,
01tDo000000UaIfIAK,,
01tDo000000UaAkIAK,,
01tDo000000UZbHIAW,,
01tDo000000UaS5IAK,,
01tDo000000UZr3IAG,,
01tDo000000UZk5IAG,,
01tDo000000Ua7dIAC,,
01tDo000000UZzrIAG,,
01tDo000000UZhhIAG,,
01tDo000000UZPEIA4,,
01tDo000000UZmjIAG,,
01tDo000000Ua7FIAS,,
01tDo000000Ua7GIAS,,
01tDo000000UZzJIAW,,
01tDo000000UZojIAG,,
01tDo000000UZhwIAG,,
01tDo000000UZh0IAG,,
01tDo000000UZOtIAO,,
01tDo000000Ua17IAC,,
01tDo000000UZLlIAO,,
01tDo000000UZwdIAG,,
01tDo000000UaI0IAK,,
01tDo000000UaHhIAK,,
01tDo000000UaAJIA0,,
01tDo000000UZeCIAW,,
01tDo000000UZdtIAG,,
01tDo000000UaRRIA0,,
01tDo000000UaQmIAK,,
01tDo000000UZqfIAG,,
01tDo000000UZtmIAG,,
01tDo000000UZn5IAG,,
01tDo000000UZmHIAW,,
01tDo000000Ua79IAC,,
01tDo000000Ua6yIAC,,
01tDo000000UZzDIAW,,
01tDo000000UZoSIAW,,
01tDo000000UZgzIAG,,
01tDo000000UZgpIAG,,
01tDo000000Ua1XIAS,,
01tDo000000Ua11IAC,,
01tDo000000UZwgIAG,,
01tDo000000UZwWIAW,,
01tDo000000UaIAIA0,,
01tDo000000UaHdIAK,,
01tDo000000UaANIA0,,
01tDo000000UaAOIA0,,
01tDo000000UZeHIAW,,
01tDo000000UZe2IAG,,
01tDo000000UaR7IAK,,
01tDo000000UaQsIAK,,
01tDo000000UZqjIAG,,
01tDo000000UZtpIAG,,
01tDo000000UZmbIAG,,
01tDo000000UZmFIAW,,
01tDo000000Ua78IAC,,
01tDo000000Ua6tIAC,,
01tDo000000UZoiIAG,,
01tDo000000UZoRIAW,,
01tDo000000UZh2IAG,,
01tDo000000UZgnIAG,,
01tDo000000Ua19IAC,,
01tDo000000UZnCIAW,,
01tDo000000UaNOIA0,,
01tDo000000UZPaIAO,,
01tDo000000UZjlIAG,,
01tDo000000UaHvIAK,,
01tDo000000Ua56IAC,,
01tDo000000UZkzIAG,,
01tDo000000UaL7IAK,,
01tDo000000UZz4IAG,,
01tDo000000UZG9IAO,,
01tDo000000Ua5DIAS,,
01tDo000000UZkoIAG,,
01tDo000000UZmIIAW,,
01tDo000000UaKwIAK,,
01tDo000000UaMBIA0,,
01tDo000000Ua0qIAC,,
01tDo000000UZzYIAW,,
01tDo000000UZftIAG,,
01tDo000000UZabIAG,,
01tDo000000Ua8pIAC,,
01tDo000000Ua8VIAS,,
01tDo000000UZoZIAW,,
01tDo000000UZnxIAG,,
01tDo000000UaOyIAK,,
01tDo000000UaPZIA0,,
01tDo000000Ua2xIAC,,
01tDo000000Ua2yIAC,,
01tDo000000UZjUIAW,,
01tDo000000UZjMIAW,,
01tDo000000UaQrIAK,,
01tDo000000UaRnIAK,,
01tDo000000Ua6WIAS,,
01tDo000000Ua5GIAS,,
01tDo000000UZkdIAG,,
01tDo000000UZmNIAW,,
01tDo000000UaKmIAK,,
01tDo000000UaMIIA0,,
01tDo000000Ua0fIAC,,
01tDo000000UZzfIAG,,
01tDo000000UZaSIAW,,
01tDo000000UZajIAG,,
01tDo000000UaAFIA0,,
01tDo000000Ua8fIAC,,
01tDo000000UZnhIAG,,
01tDo000000UZnsIAG,,
01tDo000000UZXYIA4,,
01tDo000000UaPkIAK,,
01tDo000000Ua2qIAC,,
01tDo000000Ua37IAC,,
01tDo000000UZHJIA4,,
01tDo000000UZrPIAW,,
01tDo000000UZXzIAO,,
01tDo000000UaRxIAK,,
01tDo000000Ua54IAC,,
01tDo000000Ua5PIAS,,
01tDo000000UZm9IAG,,
01tDo000000UZInIAO,,
01tDo000000UaM2IAK,,
01tDo000000UZVuIAO,,
01tDo000000UZzMIAW,,
01tDo000000Ua02IAC,,
01tDo000000UZaXIAW,,
01tDo000000UZfnIAG,,
01tDo000000UZRWIA4,,
01tDo000000UZnaIAG,,
01tDo000000UaPPIA0,,
01tDo000000Ua4eIAC,,
01tDo000000UZiyIAG,,
01tDo000000UaRYIA0,,
01tDo000000Ua4uIAC,,
01tDo000000UZkMIAW,,
01tDo000000UaLuIAK,,
01tDo000000UZs0IAG,,
01tDo000000UaRmIAK,,
01tDo000000UaQRIA0,,
01tDo000000Ua5LIAS,,
01tDo000000Ua5oIAC,,
01tDo000000UZmRIAW,,
01tDo000000UZmxIAG,,
01tDo000000UaMSIA0,,
01tDo000000UaKqIAK,,
01tDo000000UZzmIAG,,
01tDo000000UZuvIAG,,
01tDo000000UZahIAG,,
01tDo000000UZazIAG,,
01tDo000000Ua8hIAC,,
01tDo000000Ua9MIAS,,
01tDo000000UZo4IAG,,
01tDo000000UZK0IAO,,
01tDo000000UaPjIAK,,
01tDo000000UaQ2IAK,,
01tDo000000Ua38IAC,,
01tDo000000Ua3TIAS,,
01tDo000000UZrKIAW,,
01tDo000000UZryIAG,,
01tDo000000UZY4IAO,,
01tDo000000UaQIIA0,,
01tDo000000Ua5RIAS,,
01tDo000000Ua5eIAC,,
01tDo000000UZmXIAW,,
01tDo000000UZIpIAO,,
01tDo000000UZVmIAO,,
01tDo000000UaKYIA0,,
01tDo000000UZusIAG,,
01tDo000000UZamIAG,,
01tDo000000UZauIAG,,
01tDo000000Ua8qIAC,,
01tDo000000Ua9CIAS,,
01tDo000000UZq6IAG,,
01tDo000000UZqEIAW,,
01tDo000000UaQAIA0,,
01tDo000000UaOGIA0,,
01tDo000000Ua3cIAC,,
01tDo000000Ua3dIAC,,
01tDo000000UZs3IAG,,
01tDo000000UZsUIAW,,
01tDo000000UaQQIA0,,
01tDo000000UaQSIA0,,
01tDo000000Ua5nIAC,,
01tDo000000Ua7wIAC,,
01tDo000000UZmaIAG,,
01tDo000000UZmvIAG,,
01tDo000000UaKNIA0,,
01tDo000000UaMJIA0,,
01tDo000000UZzgIAG,,
01tDo000000UZaiIAG,,
01tDo000000Ua8eIAC,,
01tDo000000UZnrIAG,,
01tDo000000UaPlIAK,,
01tDo000000Ua36IAC,,
01tDo000000UZrQIAW,,
01tDo000000UaRyIAK,,
01tDo000000Ua5OIAS,,
01tDo000000UaOHIA0,,
01tDo000000Ua3XIAS,,
01tDo000000UaDDIA0,,
01tDo000000UZrpIAG,,
01tDo000000UZsBIAW,,
01tDo000000UaQHIA0,,
01tDo000000UaR0IAK,,
01tDo000000Ua5cIAC,,
01tDo000000Ua7XIAS,,
01tDo000000UZmoIAG,,
01tDo000000UZlfIAG,,
01tDo000000UaKjIAK,,
01tDo000000UaKuIAK,,
01tDo000000UZurIAG,,
01tDo000000UZvaIAG,,
01tDo000000UZatIAG,,
01tDo000000UZZRIA4,,
01tDo000000Ua99IAC,,
01tDo000000Ua9KIAS,,
01tDo000000UZqIIAW,,
01tDo000000UZqaIAG,,
01tDo000000UaOMIA0,,
01tDo000000UaONIA0,,
01tDo000000Ua3uIAC,,
01tDo000000UaDNIA0,,
01tDo000000UZsJIAW,,
01tDo000000UZsFIAW,,
01tDo000000UaQeIAK,,
01tDo000000UaR9IAK,,
01tDo000000Ua7mIAC,,
01tDo000000Ua7hIAC,,
01tDo000000UZIyIAO,,
01tDo000000UZIWIA4,,
01tDo000000UaL0IAK,,
01tDo000000UaL3IAK,,
01tDo000000UZvDIAW,,
01tDo000000UZvmIAG,,
01tDo000000UZZaIAO,,
01tDo000000UZZYIA4,,
01tDo000000Ua9rIAC,,
01tDo000000UaBnIAK,,
01tDo000000UZqPIAW,,
01tDo000000UZqQIAW,,
01tDo000000UaObIAK,,
01tDo000000UaP5IAK,,
01tDo000000UaDCIA0,,
01tDo000000UaD6IAK,,
01tDo000000UZs9IAG,,
01tDo000000UZqxIAG,,
01tDo000000UaQzIAK,,
01tDo000000UaQkIAK,,
01tDo000000Ua88IAC,,
01tDo000000UZPxIAO,,
01tDo000000UZmqIAG,,
01tDo000000UaKXIA0,,
01tDo000000UZupIAG,,
01tDo000000UZDxIAO,,
01tDo000000Ua9AIAS,,
01tDo000000UZqCIAW,,
01tDo000000UaODIA0,,
01tDo000000Ua3ZIAS,,
01tDo000000UZsSIAW,,
01tDo000000UaBQIA0,,
01tDo000000UZKKIA4,,
01tDo000000UZpRIAW,,
01tDo000000UaOQIA0,,
01tDo000000UaOnIAK,,
01tDo000000UaDKIA0,,
01tDo000000UaDiIAK,,
01tDo000000UZsGIAW,,
01tDo000000UZqlIAG,,
01tDo000000UaR8IAK,,
01tDo000000UaTHIA0,,
01tDo000000Ua7fIAC,,
01tDo000000Ua8FIAS,,
01tDo000000UZllIAG,,
01tDo000000UZm4IAG,,
01tDo000000UaKyIAK,,
01tDo000000UaGTIA0,,
01tDo000000UZvkIAG,,
01tDo000000UZuIIAW,,
01tDo000000UZZXIA4,,
01tDo000000UZDpIAO,,
01tDo000000UaBbIAK,,
01tDo000000UaBBIA0,,
01tDo000000UZqMIAW,,
01tDo000000UZpBIAW,,
01tDo000000UaOsIAK,,
01tDo000000UaOfIAK,,
01tDo000000UaCxIAK,,
01tDo000000UaDcIAK,,
01tDo000000UZqpIAG,,
01tDo000000UZqeIAG,,
01tDo000000UaQlIAK,,
01tDo000000UaTAIA0,,
01tDo000000Ua8JIAS,,
01tDo000000Ua89IAC,,
01tDo000000UZlVIAW,,
01tDo000000UZm1IAG,,
01tDo000000UaGbIAK,,
01tDo000000UaGJIA0,,
01tDo000000UZvKIAW,,
01tDo000000UZuEIAW,,
01tDo000000UZaEIAW,,
01tDo000000UZZxIAO,,
01tDo000000UaBAIA0,,
01tDo000000UZSGIA4,,
01tDo000000UZpKIAW,,
01tDo000000UZp5IAG,,
01tDo000000UaOiIAK,,
01tDo000000UZdxIAG,,
01tDo000000UaDhIAK,,
01tDo000000UaDUIA0,,
01tDo000000UZqkIAG,,
01tDo000000UZsEIAW,,
01tDo000000UaRAIA0,,
01tDo000000Ua7gIAC,,
01tDo000000UZIVIA4,,
01tDo000000UaL2IAK,,
01tDo000000UZvnIAG,,
01tDo000000UZZZIA4,,
01tDo000000UaBlIAK,,
01tDo000000UZqRIAW,,
01tDo000000UaP6IAK,,
01tDo000000UZubIAG,,
01tDo000000UZDoIAO,,
01tDo000000UZcRIAW,,
01tDo000000UaBEIA0,,
01tDo000000UaBdIAK,,
01tDo000000UZpJIAW,,
01tDo000000UZp0IAG,,
01tDo000000UaOgIAK,,
01tDo000000UZeNIAW,,
01tDo000000UaDdIAK,,
01tDo000000UaCeIAK,,
01tDo000000UZqcIAG,,
01tDo000000UZqqIAG,,
01tDo000000UaTDIA0,,
01tDo000000UaT1IAK,,
01tDo000000Ua8BIAS,,
01tDo000000Ua7MIAS,,
01tDo000000UZlxIAG,,
01tDo000000UZhfIAG,,
01tDo000000UZTrIAO,,
01tDo000000UaGaIAK,,
01tDo000000UZuAIAW,,
01tDo000000UZuhIAG,,
01tDo000000UZa5IAG,,
01tDo000000UZcZIAW,,
01tDo000000UZSIIA4,,
01tDo000000UaBoIAK,,
01tDo000000UZp7IAG,,
01tDo000000UZpAIAW,,
01tDo000000UZe4IAG,,
01tDo000000UZeaIAG,,
01tDo000000UaDVIA0,,
01tDo000000UZSeIAO,,
01tDo000000UZrGIAW,,
01tDo000000UZKUIA4,,
01tDo000000UaT4IAK,,
01tDo000000UaT5IAK,,
01tDo000000UZQNIA4,,
01tDo000000Ua7TIAS,,
01tDo000000UZluIAG,,
01tDo000000UZhrIAG,,
01tDo000000UaH8IAK,,
01tDo000000UaGlIAK,,
01tDo000000UZu4IAG,,
01tDo000000UZu3IAG,,
01tDo000000UZcHIAW,,
01tDo000000UZcnIAG,,
01tDo000000UaC1IAK,,
01tDo000000UaAnIAK,,
01tDo000000UZq0IAG,,
01tDo000000UZpSIAW,,
01tDo000000UZdpIAG,,
01tDo000000UaOeIAK,,
01tDo000000UZT1IAO,,
01tDo000000UZqdIAG,,
01tDo000000UaTCIA0,,
01tDo000000Ua8AIAS,,
01tDo000000UZm0IAG,,
01tDo000000UaGKIA0,,
01tDo000000UZLmIAO,,
01tDo000000UZZwIAO,,
01tDo000000UaC6IAK,,
01tDo000000UZhuIAG,,
01tDo000000UaGUIA0,,
01tDo000000UaFzIAK,,
01tDo000000UZuiIAG,,
01tDo000000UZu9IAG,,
01tDo000000UZEeIAO,,
01tDo000000UZbyIAG,,
01tDo000000UaBmIAK,,
01tDo000000UaB5IAK,,
01tDo000000UZp8IAG,,
01tDo000000UZyhIAG,,
01tDo000000UZeXIAW,,
01tDo000000UZe3IAG,,
01tDo000000UaCiIAK,,
01tDo000000UaCMIA0,,
01tDo000000UZquIAG,,
01tDo000000UaT7IAK,,
01tDo000000UaSfIAK,,
01tDo000000Ua7RIAS,,
01tDo000000Ua6zIAC,,
01tDo000000UZhmIAG,,
01tDo000000UZhCIAW,,
01tDo000000UaGiIAK,,
01tDo000000UZtvIAG,,
01tDo000000UZuBIAW,,
01tDo000000UZceIAG,,
01tDo000000UZbjIAG,,
01tDo000000UaAiIAK,,
01tDo000000UaAyIAK,,
01tDo000000UZpIIAW,,
01tDo000000UZyfIAG,,
01tDo000000UZdgIAG,,
01tDo000000UZdwIAG,,
01tDo000000UaCnIAK,,
01tDo000000UaCHIA0,,
01tDo000000UZtSIAW,,
01tDo000000UaTBIA0,,
01tDo000000UaSaIAK,,
01tDo000000UZQEIA4,,
01tDo000000Ua6wIAC,,
01tDo000000UZhxIAG,,
01tDo000000UZh4IAG,,
01tDo000000UaG0IAK,,
01tDo000000UaG8IAK,,
01tDo000000UZuFIAW,,
01tDo000000UZMpIAO,,
01tDo000000UZbhIAG,,
01tDo000000UZEVIA4,,
01tDo000000UaAxIAK,,
01tDo000000UaBpIAK,,
01tDo000000UZJpIAO,,
01tDo000000UZeZIAW,,
01tDo000000UaCgIAK,,
01tDo000000UZqsIAG,,
01tDo000000UaT6IAK,,
01tDo000000Ua7UIAS,,
01tDo000000UZhqIAG,,
01tDo000000UaGkIAK,,
01tDo000000UZu5IAG,,
01tDo000000UaStIAK,,
01tDo000000Ua6jIAC,,
01tDo000000Ua2UIAS,,
01tDo000000UZi1IAG,,
01tDo000000UZhYIAW,,
01tDo000000UaG1IAK,,
01tDo000000UaFgIAK,,
01tDo000000UZLnIAO,,
01tDo000000UZx4IAG,,
01tDo000000UZbgIAG,,
01tDo000000UZbPIAW,,
01tDo000000UaAvIAK,,
01tDo000000UaAcIAK,,
01tDo000000UZydIAG,,
01tDo000000UZyOIAW,,
01tDo000000UZduIAG,,
01tDo000000UZdFIAW,,
01tDo000000UaCDIA0,,
01tDo000000UaFAIA0,,
01tDo000000UZtjIAG,,
01tDo000000UZt1IAG,,
01tDo000000UaSYIA0,,
01tDo000000UaSLIA0,,
01tDo000000Ua6oIAC,,
01tDo000000Ua2NIAS,,
01tDo000000UZgvIAG,,
01tDo000000UZhGIAW,,
01tDo000000UaGEIA0,,
01tDo000000UaFvIAK,,
01tDo000000UZwnIAG,,
01tDo000000UZwqIAG,,
01tDo000000UZcIIAW,,
01tDo000000UZEJIA4,,
01tDo000000UaARIA0,,
01tDo000000UaATIA0,,
01tDo000000UZytIAG,,
01tDo000000UZyaIAG,,
01tDo000000UZdPIAW,,
01tDo000000UZdOIAW,,
01tDo000000UaCdIAK,,
01tDo000000UaFTIA0,,
01tDo000000UZtFIAW,,
01tDo000000UZtAIAW,,
01tDo000000UaSsIAK,,
01tDo000000UaSOIA0,,
01tDo000000Ua2WIAS,,
01tDo000000Ua2SIAS,,
01tDo000000UZhdIAG,,
01tDo000000UZgqIAG,,
01tDo000000UaFiIAK,,
01tDo000000UaFhIAK,,
01tDo000000UZx7IAG,,
01tDo000000UZuCIAW,,
01tDo000000UZbiIAG,,
01tDo000000UaAzIAK,,
01tDo000000UZyeIAG,,
01tDo000000UZdyIAG,,
01tDo000000UZSMIA4,,
01tDo000000UZtnIAG,,
01tDo000000UaSZIA0,,
01tDo000000Ua6xIAC,,
01tDo000000UZh3IAG,,
01tDo000000UaEzIAK,,
01tDo000000UZsyIAG,,
01tDo000000UZstIAG,,
01tDo000000UaSlIAK,,
01tDo000000UaSCIA0,,
01tDo000000UZPHIA4,,
01tDo000000Ua21IAC,,
01tDo000000UZGpIAO,,
01tDo000000UZgcIAG,,
01tDo000000UaFWIA0,,
01tDo000000UaIZIA0,,
01tDo000000UZwvIAG,,
01tDo000000UZwMIAW,,
01tDo000000UZbOIAW,,
01tDo000000UZbEIAW,,
01tDo000000UaAXIA0,,
01tDo000000UZVdIAO,,
01tDo000000UZyTIAW,,
01tDo000000UZy7IAG,,
01tDo000000UZdLIAW,,
01tDo000000UZcuIAG,,
01tDo000000UaFJIA0,,
01tDo000000UaEuIAK,,
01tDo000000UZLTIA4,,
01tDo000000UZsqIAG,,
01tDo000000UaSQIA0,,
01tDo000000UaO2IAK,,
01tDo000000Ua2TIAS,,
01tDo000000Ua26IAC,,
01tDo000000UZgoIAG,,
01tDo000000UZggIAG,,
01tDo000000UaFZIA0,,
01tDo000000UaIbIAK,,
01tDo000000UZwXIAW,,
01tDo000000UZwNIAW,,
01tDo000000UZbNIAW,,
01tDo000000UZbFIAW,,
01tDo000000UaKFIA0,,
01tDo000000UaK0IAK,,
01tDo000000UZNcIAO,,
01tDo000000UZy9IAG,,
01tDo000000UZEvIAO,,
01tDo000000UZcvIAG,,
01tDo000000UaF3IAK,,
01tDo000000UaEoIAK,,
01tDo000000UZsrIAG,,
01tDo000000UZspIAG,,
01tDo000000UaSDIA0,,
01tDo000000UaNwIAK,,
01tDo000000Ua1zIAC,,
01tDo000000UZP5IAO,,
01tDo000000UZgaIAG,,
01tDo000000UZhHIAW,,
01tDo000000UaFwIAK,,
01tDo000000UZwpIAG,,
01tDo000000UZbaIAG,,
01tDo000000UaASIA0,,
01tDo000000UZybIAG,,
01tDo000000UZdQIAW,,
01tDo000000UaFUIA0,,
01tDo000000UZtBIAW,,
01tDo000000UaSPIA0,,
01tDo000000UZxvIAG,,
01tDo000000UZd5IAG,,
01tDo000000UZGLIA4,,
01tDo000000UaF7IAK,,
01tDo000000UaEmIAK,,
01tDo000000UZLOIA4,,
01tDo000000UZslIAG,,
01tDo000000UZYAIA4,,
01tDo000000UaNrIAK,,
01tDo000000Ua2EIAS,,
01tDo000000Ua1aIAC,,
01tDo000000UZghIAG,,
01tDo000000UZgPIAW,,
01tDo000000UaIhIAK,,
01tDo000000UZUsIAO,,
01tDo000000UZwRIAW,,
01tDo000000UZwBIAW,,
01tDo000000UZbKIAW,,
01tDo000000UZlTIAW,,
01tDo000000UaKBIA0,,
01tDo000000UaJmIAK,,
01tDo000000UZyIIAW,,
01tDo000000UZxiIAG,,
01tDo000000UZd1IAG,,
01tDo000000UZg3IAG,,
01tDo000000UaEpIAK,,
01tDo000000UaEdIAK,,
01tDo000000UZsoIAG,,
01tDo000000UZsdIAG,,
01tDo000000UaNxIAK,,
01tDo000000UaNfIAK,,
01tDo000000Ua1wIAC,,
01tDo000000Ua4AIAS,,
01tDo000000UZgXIAW,,
01tDo000000UZjrIAG,,
01tDo000000UaIVIA0,,
01tDo000000UaG3IAK,,
01tDo000000UZwFIAW,,
01tDo000000UZvAIAW,,
01tDo000000UZb8IAG,,
01tDo000000UZlaIAG,,
01tDo000000UaJtIAK,,
01tDo000000UZW7IAO,,
01tDo000000UZy1IAG,,
01tDo000000UZgGIAW,,
01tDo000000UZd4IAG,,
01tDo000000UaEkIAK,,
01tDo000000UaD1IAK,,
01tDo000000UZsnIAG,,
01tDo000000UZsRIAW,,
01tDo000000UZX4IAO,,
01tDo000000UaO3IAK,,
01tDo000000Ua27IAC,,
01tDo000000UZgfIAG,,
01tDo000000UaIaIAK,,
01tDo000000UZMgIAO,,
01tDo000000UZbDIAW,,
01tDo000000UaK1IAK,,
01tDo000000UZyAIAW,,
01tDo000000UZcwIAG,,
01tDo000000UaEqIAK,,
01tDo000000UZIQIA4,,
01tDo000000UaJnIAK,,
01tDo000000UaLLIA0,,
01tDo000000UZxmIAG,,
01tDo000000Ua0iIAC,,
01tDo000000UZg5IAG,,
01tDo000000UZF3IAO,,
01tDo000000UaEfIAK,,
01tDo000000UaD8IAK,,
01tDo000000UZseIAG,,
01tDo000000UZoyIAG,,
01tDo000000UaNeIAK,,
01tDo000000UaOqIAK,,
01tDo000000Ua1UIAS,,
01tDo000000UZPmIAO,,
01tDo000000UZgIIAW,,
01tDo000000UZGQIA4,,
01tDo000000UZUpIAO,,
01tDo000000UaGLIA0,,
01tDo000000UZw6IAG,,
01tDo000000UZvfIAG,,
01tDo000000UZlJIAW,,
01tDo000000UZlqIAG,,
01tDo000000UaJhIAK,,
01tDo000000UaLgIAK,,
01tDo000000UZxaIAG,,
01tDo000000UZxJIAW,,
01tDo000000UZg1IAG,,
01tDo000000UZdYIAW,,
01tDo000000UaEXIA0,,
01tDo000000UaDTIA0,,
01tDo000000UZsaIAG,,
01tDo000000UZp6IAG,,
01tDo000000UaNWIA0,,
01tDo000000UaP1IAK,,
01tDo000000Ua4PIAS,,
01tDo000000UZgMIAW,,
01tDo000000UZgWIAW,,
01tDo000000UaG7IAK,,
01tDo000000UaGIIA0,,
01tDo000000UZvLIAW,,
01tDo000000UZvcIAG,,
01tDo000000UZlgIAG,,
01tDo000000UZlpIAG,,
01tDo000000UaLNIA0,,
01tDo000000UZWFIA4,,
01tDo000000Ua0pIAC,,
01tDo000000UZxEIAW,,
01tDo000000UZdGIAW,,
01tDo000000UZdUIAW,,
01tDo000000UaD7IAK,,
01tDo000000UZyyIAG,,
01tDo000000UaHnIAK,,
01tDo000000UaLZIA0,,
01tDo000000UZvtIAG,,
01tDo000000UaEyIAK,,
01tDo000000UZc9IAG,,
01tDo000000UZdSIAW,,
01tDo000000Ua9DIAS,,
01tDo000000UaRFIA0,,
01tDo000000UZonIAG,,
01tDo000000UaAWIA0,,
01tDo000000UZWrIAO,,
01tDo000000UZbMIAW,,
01tDo000000UaE4IAK,,
01tDo000000UaQ3IAK,,
01tDo000000UZtWIAW,,
01tDo000000UZnFIAW,,
01tDo000000UaR6IAK,,
01tDo000000UZgiIAG,,
01tDo000000Ua4jIAC,,
01tDo000000UaE3IAK,,
01tDo000000UaB2IAK,,
01tDo000000UZfOIAW,,
01tDo000000UZc8IAG,,
01tDo000000UZboIAG,,
01tDo000000UaFEIA0,,
01tDo000000UaPmIAK,,
01tDo000000UaR4IAK,,
01tDo000000UaMnIAK,,
01tDo000000UZt3IAG,,
01tDo000000UZnuIAG,,
01tDo000000Ua4pIAC,,
01tDo000000UZnjIAG,,
01tDo000000UaQXIA0,,
01tDo000000UZgyIAG,,
01tDo000000UZknIAG,,
01tDo000000UZhzIAG,,
01tDo000000Ua6FIAS,,
01tDo000000Ua6vIAC,,
01tDo000000UaHrIAK,,
01tDo000000Ua6iIAC,,
01tDo000000UZjEIAW,,
01tDo000000UZzaIAG,,
01tDo000000UZvwIAG,,
01tDo000000Ua0QIAS,,
01tDo000000UaHBIA0,,
01tDo000000UaMCIA0,,
01tDo000000UZcBIAW,,
01tDo000000UZWLIA4,,
01tDo000000UZwUIAW,,
01tDo000000UaCIIA0,,
01tDo000000Ua9EIAS,,
01tDo000000UaCsIAK,,
01tDo000000UZDiIAO,,
01tDo000000UZdJIAW,,
01tDo000000UZorIAG,,
01tDo000000UZdjIAG,,
01tDo000000UZRZIA4,,
01tDo000000UaS4IAK,,
01tDo000000UaNJIA0,,
01tDo000000UZUQIA4,,
01tDo000000UZo8IAG,,
01tDo000000UaAKIA0,,
01tDo000000UaE7IAK,,
01tDo000000UaAmIAK,,
01tDo000000UZf3IAG,,
01tDo000000UZtbIAG,,
01tDo000000UZbmIAG,,
01tDo000000UZTdIAO,,
01tDo000000UaPnIAK,,
01tDo000000UaREIA0,,
01tDo000000UaN3IAK,,
01tDo000000UZrEIAW,,
01tDo000000UZntIAG,,
01tDo000000Ua4yIAC,,
01tDo000000UZoQIAW,,
01tDo000000UaQMIA0,,
01tDo000000UZh1IAG,,
01tDo000000UZkkIAG,,
01tDo000000UZhQIAW,,
01tDo000000Ua66IAC,,
01tDo000000Ua6uIAC,,
01tDo000000UaHbIAK,,
01tDo000000Ua6fIAC,,
01tDo000000UZiwIAG,,
01tDo000000UZzRIAW,,
01tDo000000UZwtIAG,,
01tDo000000UZOYIA4,,
01tDo000000UaIdIAK,,
01tDo000000UaM5IAK,,
01tDo000000UZbbIAG,,
01tDo000000UZVLIA4,,
01tDo000000UZMYIA4,,
01tDo000000UaCBIA0,,
01tDo000000Ua8mIAC,,
01tDo000000UaCUIA0,,
01tDo000000UZaoIAG,,
01tDo000000UZdsIAG,,
01tDo000000UZoNIAW,,
01tDo000000UZdeIAG,,
01tDo000000Ua8tIAC,,
01tDo000000UaRgIAK,,
01tDo000000UZfpIAG,,
01tDo000000UaHiIAK,,
01tDo000000Ua0CIAS,,
01tDo000000UaAwIAK,,
01tDo000000UaDzIAK,,
01tDo000000UaBsIAK,,
01tDo000000UZgAIAW,,
01tDo000000UZbeIAG,,
01tDo000000UZtPIAW,,
01tDo000000UZc5IAG,,
01tDo000000UaEDIA0,,
01tDo000000UaMmIAK,,
01tDo000000UaQuIAK,,
01tDo000000UaNAIA0,,
01tDo000000UZrrIAG,,
01tDo000000UZnkIAG,,
01tDo000000Ua6eIAC,,
01tDo000000UZobIAG,,
01tDo000000UaQJIA0,,
01tDo000000UZi5IAG,,
01tDo000000UZhFIAW,,
01tDo000000Ua6cIAC,,
01tDo000000Ua72IAC,,
01tDo000000UZkQIAW,,
01tDo000000UZzcIAG,,
01tDo000000UaHYIA0,,
01tDo000000UaMEIA0,,
01tDo000000UZwrIAG,,
01tDo000000UaCJIA0,,
01tDo000000UZaOIAW,,
01tDo000000UZe1IAG,,
01tDo000000Ua8jIAC,,
01tDo000000UaRrIAK,,
01tDo000000UZoKIAW,,
01tDo000000UaB6IAK,,
01tDo000000UZfbIAG,,
01tDo000000UZbwIAG,,
01tDo000000UaMrIAK,,
01tDo000000UZtEIAW,,
01tDo000000UZoHIAW,,
01tDo000000UZdiIAG,,
01tDo000000Ua95IAC,,
01tDo000000UaHVIA0,,
01tDo000000UZfdIAG,,
01tDo000000UaHuIAK,,
01tDo000000Ua0GIAS,,
01tDo000000UaApIAK,,
01tDo000000UaFQIA0,,
01tDo000000UaC2IAK,,
01tDo000000UZgFIAW,,
01tDo000000UZcqIAG,,
01tDo000000UZtDIAW,,
01tDo000000UZEYIA4,,
01tDo000000UaEIIA0,,
01tDo000000UaMjIAK,,
01tDo000000UaQhIAK,,
01tDo000000UZWZIA4,,
01tDo000000UZs5IAG,,
01tDo000000UZoJIAW,,
01tDo000000Ua6MIAS,,
01tDo000000UZJmIAO,,
01tDo000000UaQVIA0,,
01tDo000000UZhsIAG,,
01tDo000000UZkRIAW,,
01tDo000000UZltIAG,,
01tDo000000Ua5kIAC,,
01tDo000000Ua7VIAS,,
01tDo000000UaHOIA0,,
01tDo000000UZQPIA4,,
01tDo000000UZjaIAG,,
01tDo000000UZONIA4,,
01tDo000000UZweIAG,,
01tDo000000UaHUIA0,,
01tDo000000UaJ1IAK,,
01tDo000000UZaCIAW,,
01tDo000000UZLzIAO,,
01tDo000000UaCmIAK,,
01tDo000000Ua8TIAS,,
01tDo000000UZb0IAG,,
01tDo000000UZdcIAG,,
01tDo000000UZoGIAW,,
01tDo000000Ua9PIAS,,
01tDo000000UaHNIA0,,
01tDo000000UZfHIAW,,
01tDo000000UZOVIA4,,
01tDo000000UaFCIA0,,
01tDo000000UZFlIAO,,
01tDo000000UZc1IAG,,
01tDo000000UZt6IAG,,
01tDo000000UaEcIAK,,
01tDo000000UaNBIA0,,
01tDo000000UaQYIA0,,
01tDo000000UZsMIAW,,
01tDo000000UZocIAG,,
01tDo000000Ua6JIAS,,
01tDo000000UaQiIAK,,
01tDo000000UZhaIAG,,
01tDo000000UZHMIA4,,
01tDo000000Ua40IAC,,
01tDo000000UaHEIA0,,
01tDo000000UZHgIAO,,
01tDo000000Ua0uIAC,,
01tDo000000UZw8IAG,,
01tDo000000UaHZIA0,,
01tDo000000UaJDIA0,,
01tDo000000UZacIAG,,
01tDo000000UZv1IAG,,
01tDo000000UZSXIA4,,
01tDo000000Ua8XIAS,,
01tDo000000UZZMIA4,,
01tDo000000UZFLIA4,,
01tDo000000UZnyIAG,,
01tDo000000Ua9oIAC,,
01tDo000000UZUkIAO,,
01tDo000000UZg0IAG,,
01tDo000000UZOXIA4,,
01tDo000000UZSEIA4,,
01tDo000000UaE5IAK,,
01tDo000000UZfEIAW,,
01tDo000000UZcGIAW,,
01tDo000000UZrXIAW,,
01tDo000000UaD3IAK,,
01tDo000000UaMVIA0,,
01tDo000000UZrDIAW,,
01tDo000000UaQLIA0,,
01tDo000000Ua65IAC,,
01tDo000000UZivIAG,,
01tDo000000UZwDIAW,,
01tDo000000UZanIAG,,
01tDo000000Ua8sIAC,,
01tDo000000Ua0BIAS,,
01tDo000000UZg9IAG,,
01tDo000000UZakIAG,,
01tDo000000UZvWIAW,,
01tDo000000Ua8lIAC,,
01tDo000000UZZqIAO,,
01tDo000000Ua04IAC,,
01tDo000000Ua9ZIAS,,
01tDo000000UZg4IAG,,
01tDo000000Ua0bIAC,,
01tDo000000UaEBIA0,,
01tDo000000UZf4IAG,,
01tDo000000UZrwIAG,,
01tDo000000UaCyIAK,,
01tDo000000UZXmIAO,,
01tDo000000UZsOIAW,,
01tDo000000Ua5YIAS,,
01tDo000000UaQpIAK,,
01tDo000000UZjWIAW,,
01tDo000000Ua4DIAS,,
01tDo000000UaHHIA0,,
01tDo000000UZiAIAW,,
01tDo000000UZwEIAW,,
01tDo000000UaHlIAK,,
01tDo000000UZaqIAG,,
01tDo000000UZvPIAW,,
01tDo000000Ua8xIAC,,
01tDo000000UZZlIAO,,
01tDo000000Ua0EIAS,,
01tDo000000UaLPIA0,,
01tDo000000UZgDIAW,,
01tDo000000Ua0oIAC,,
01tDo000000UaEJIA0,,
01tDo000000UZfQIAW,,
01tDo000000UaDHIA0,,
01tDo000000UaQWIA0,,
01tDo000000UZqgIAG,,
01tDo000000Ua5sIAC,,
01tDo000000UaRDIA0,,
01tDo000000UZjdIAG,,
01tDo000000UZPoIAO,,
01tDo000000UaHXIA0,,
01tDo000000UZiYIAW,,
01tDo000000UZuwIAG,,
01tDo000000UaGQIA0,,
01tDo000000UZb2IAG,,
01tDo000000UZviIAG,,
01tDo000000UZa4IAG,,
01tDo000000Ua0XIAS,,
01tDo000000UaLjIAK,,
01tDo000000UZeuIAG,,
01tDo000000UZz1IAG,,
01tDo000000UZexIAG,,
01tDo000000UaEbIAK,,
01tDo000000UZsLIAW,,
01tDo000000UZXnIAO,,
01tDo000000Ua41IAC,,
01tDo000000UZjfIAG,,
01tDo000000UZUVIA4,,
01tDo000000UZv2IAG,,
01tDo000000UZZLIA4,,
01tDo000000Ua9pIAC,,
01tDo000000UaHeIAK,,
01tDo000000UZjDIAW,,
01tDo000000UZv8IAG,,
01tDo000000UaGFIA0,,
01tDo000000UZZSIA4,,
01tDo000000UZu8IAG,,
01tDo000000Ua9dIAC,,
01tDo000000UZaNIAW,,
01tDo000000Ua0dIAC,,
01tDo000000UaLWIA0,,
01tDo000000UZfAIAW,,
01tDo000000UZzKIAW,,
01tDo000000UaD5IAK,,
01tDo000000UZfaIAG,,
01tDo000000UZsVIAW,,
01tDo000000UaDkIAK,,
01tDo000000UaQZIA0,,
01tDo000000UZqoIAG,,
01tDo000000Ua44IAC,,
01tDo000000UaPcIAK,,
01tDo000000UZjhIAG,,
01tDo000000Ua4WIAS,,
01tDo000000UaHaIAK,,
01tDo000000UZjKIAW,,
01tDo000000UZv0IAG,,
01tDo000000UaGOIA0,,
01tDo000000UZZKIA4,,
01tDo000000UZuLIAW,,
01tDo000000Ua9UIAS,,
01tDo000000UZa7IAG,,
01tDo000000Ua0YIAS,,
01tDo000000UaMNIA0,,
01tDo000000UZf5IAG,,
01tDo000000UZz9IAG,,
01tDo000000UaCzIAK,,
01tDo000000UZe8IAG,,
01tDo000000UZsPIAW,,
01tDo000000UaDaIAK,,
01tDo000000UaQoIAK,,
01tDo000000UZr9IAG,,
01tDo000000Ua4GIAS,,
01tDo000000UaPBIA0,,
01tDo000000UZiIIAW,,
01tDo000000Ua3BIAS,,
01tDo000000UaHkIAK,,
01tDo000000UZieIAG,,
01tDo000000UZvNIAW,,
01tDo000000UaH3IAK,,
01tDo000000UZZnIAO,,
01tDo000000UZtuIAG,,
01tDo000000UaLRIA0,,
01tDo000000UZmUIAW,,
01tDo000000UaLQIA0,,
01tDo000000Ua0nIAC,,
01tDo000000UZfRIAW,,
01tDo000000UaDGIA0,,
01tDo000000UZqhIAG,,
01tDo000000UZXrIAO,,
01tDo000000Ua4OIAS,,
01tDo000000UZiXIAW,,
01tDo000000UaGPIA0,,
01tDo000000UZvjIAG,,
01tDo000000Ua4aIAC,,
01tDo000000UaQ8IAK,,
01tDo000000UZiDIAW,,
01tDo000000Ua2uIAC,,
01tDo000000UaGZIA0,,
01tDo000000UZhUIAW,,
01tDo000000UZvIIAW,,
01tDo000000UaGsIAK,,
01tDo000000UZaDIAW,,
01tDo000000UZtyIAG,,
01tDo000000UaLIIA0,,
01tDo000000UZmYIAW,,
01tDo000000UZzBIAW,,
01tDo000000UaLwIAK,,
01tDo000000UZfIIAW,,
01tDo000000UZzvIAG,,
01tDo000000UaDgIAK,,
01tDo000000UZdhIAG,,
01tDo000000UZqvIAG,,
01tDo000000UZSVIA4,,
01tDo000000UaQtIAK,,
01tDo000000UZr2IAG,,
01tDo000000Ua4hIAC,,
01tDo000000UaQ6IAK,,
01tDo000000UZiOIAW,,
01tDo000000Ua2lIAC,,
01tDo000000UaGjIAK,,
01tDo000000UZhJIAW,,
01tDo000000UZvSIAW,,
01tDo000000UaGmIAK,,
01tDo000000UZaGIAW,,
01tDo000000UZuXIAW,,
01tDo000000UaLSIA0,,
01tDo000000UZIbIAO,,
01tDo000000UZzNIAW,,
01tDo000000UaKeIAK,,
01tDo000000UZfcIAG,,
01tDo000000UZzTIAW,,
01tDo000000UaDlIAK,,
01tDo000000UZeRIAW,,
01tDo000000UZqnIAG,,
01tDo000000UaCLIA0,,
01tDo000000UaPbIAK,,
01tDo000000UZqJIAW,,
01tDo000000Ua4UIAS,,
01tDo000000UaPuIAK,,
01tDo000000UZjSIAW,,
01tDo000000UaGVIA0,,
01tDo000000UZh7IAG,,
01tDo000000UZu6IAG,,
01tDo000000UaFtIAK,,
01tDo000000UZuKIAW,,
01tDo000000UZa8IAG,,
01tDo000000UaMOIA0,,
01tDo000000UZz8IAG,,
01tDo000000UZe9IAG,,
01tDo000000UaDZIA0,,
01tDo000000UZr8IAG,,
01tDo000000UaPCIA0,,
01tDo000000Ua3AIAS,,
01tDo000000UZidIAG,,
01tDo000000UZrAIAW,,
01tDo000000UaCuIAK,,
01tDo000000UaPRIA0,,
01tDo000000UZq7IAG,,
01tDo000000Ua3PIAS,,
01tDo000000UaOcIAK,,
01tDo000000UZj5IAG,,
01tDo000000Ua3hIAC,,
01tDo000000UaH6IAK,,
01tDo000000UZgtIAG,,
01tDo000000UZu1IAG,,
01tDo000000UaG4IAK,,
01tDo000000UZIlIAO,,
01tDo000000UZuMIAW,,
01tDo000000UZWMIA4,,
01tDo000000UZIiIAO,,
01tDo000000UZzwIAG,,
01tDo000000UaLGIA0,,
01tDo000000UZdlIAG,,
01tDo000000UZyjIAG,,
01tDo000000UaDRIA0,,
01tDo000000UZe7IAG,,
01tDo000000UZrCIAW,,
01tDo000000UaCPIA0,,
01tDo000000UaPDIA0,,
01tDo000000UaOmIAK,,
01tDo000000UZiqIAG,,
01tDo000000Ua3JIAS,,
01tDo000000UaH4IAK,,
01tDo000000UZh5IAG,,
01tDo000000UZtzIAG,,
01tDo000000UaGAIA0,,
01tDo000000UZmcIAG,,
01tDo000000Ua8EIAS,,
01tDo000000UaLxIAK,,
01tDo000000UZmgIAG,,
01tDo000000UZzsIAG,,
01tDo000000UZdfIAG,,
01tDo000000UZyoIAG,,
01tDo000000UaCVIA0,,
01tDo000000UZF4IAO,,
01tDo000000UZr1IAG,,
01tDo000000UaCTIA0,,
01tDo000000UaQ4IAK,,
01tDo000000UZq1IAG,,
01tDo000000Ua2sIAC,,
01tDo000000UaOtIAK,,
01tDo000000UZGrIAO,,
01tDo000000Ua2MIAS,,
01tDo000000UZhKIAW,,
01tDo000000UaGnIAK,,
01tDo000000UZuWIAW,,
01tDo000000UZmAIAW,,
01tDo000000UaKgIAK,,
01tDo000000UZzUIAW,,
01tDo000000UZeSIAW,,
01tDo000000UaCKIA0,,
01tDo000000UZqKIAW,,
01tDo000000UaPvIAK,,
01tDo000000UZeWIAW,,
01tDo000000UZyJIAW,,
01tDo000000UaCOIA0,,
01tDo000000UZdWIAW,,
01tDo000000UZK8IAO,,
01tDo000000UaBwIAK,,
01tDo000000UZqFIAW,,
01tDo000000Ua3wIAC,,
01tDo000000UaOJIA0,,
01tDo000000UZhtIAG,,
01tDo000000Ua2cIAC,,
01tDo000000UaFyIAK,,
01tDo000000UZhVIAW,,
01tDo000000UZu7IAG,,
01tDo000000UaFcIAK,,
01tDo000000UZm7IAG,,
01tDo000000Ua8NIAS,,
01tDo000000UaL6IAK,,
01tDo000000UZlrIAG,,
01tDo000000UZycIAG,,
01tDo000000UaKfIAK,,
01tDo000000UZdoIAG,,
01tDo000000UZyLIAW,,
01tDo000000UaCvIAK,,
01tDo000000UZdXIAW,,
01tDo000000UZqSIAW,,
01tDo000000UaBuIAK,,
01tDo000000UaPaIAK,,
01tDo000000UZqAIAW,,
01tDo000000Ua31IAC,,
01tDo000000UaOBIA0,,
01tDo000000UZi7IAG,,
01tDo000000Ua2aIAC,,
01tDo000000UaG2IAK,,
01tDo000000UZgYIAW,,
01tDo000000UaFoIAK,,
01tDo000000UZmLIAW,,
01tDo000000Ua7YIAS,,
01tDo000000UaLBIA0,,
01tDo000000UZlvIAG,,
01tDo000000UZygIAG,,
01tDo000000UaJzIAK,,
01tDo000000UZeAIAW,,
01tDo000000UZyXIAW,,
01tDo000000UaCQIA0,,
01tDo000000UZd0IAG,,
01tDo000000UZqbIAG,,
01tDo000000UaC8IAK,,
01tDo000000UaOoIAK,,
01tDo000000UZppIAG,,
01tDo000000UaOlIAK,,
01tDo000000Ua3IIAS,,
01tDo000000UZh6IAG,,
01tDo000000UaG9IAK,,
01tDo000000UZQnIAO,,
01tDo000000UZmfIAG,,
01tDo000000UaKRIA0,,
01tDo000000UZypIAG,,
01tDo000000UZdHIAW,,
01tDo000000UaCSIA0,,
01tDo000000UZVnIAO,,
01tDo000000UZlbIAG,,
01tDo000000UZymIAG,,
01tDo000000UZdEIAW,,
01tDo000000UZy3IAG,,
01tDo000000UaCRIA0,,
01tDo000000UZF1IAO,,
01tDo000000UZq3IAG,,
01tDo000000UaBUIA0,,
01tDo000000UaOxIAK,,
01tDo000000UZJzIAO,,
01tDo000000Ua2QIAS,,
01tDo000000UaNvIAK,,
01tDo000000UZGqIAO,,
01tDo000000Ua1fIAC,,
01tDo000000UaFYIA0,,
01tDo000000UZgkIAG,,
01tDo000000Ua8OIAS,,
01tDo000000UaTNIA0,,
01tDo000000UZlsIAG,,
01tDo000000Ua7qIAC,,
01tDo000000UaKlIAK,,
01tDo000000UZlWIAW,,
01tDo000000UZNvIAO,,
01tDo000000UaKAIA0,,
01tDo000000UZdIIAW,,
01tDo000000UZyHIAW,,
01tDo000000UaCWIA0,,
01tDo000000UZczIAG,,
01tDo000000UZq4IAG,,
01tDo000000UaBiIAK,,
01tDo000000UaOwIAK,,
01tDo000000UZpkIAG,,
01tDo000000Ua2PIAS,,
01tDo000000UaO8IAK,,
01tDo000000UZhRIAW,,
01tDo000000Ua1pIAC,,
01tDo000000UZTmIAO,,
01tDo000000UZgUIAW,,
01tDo000000Ua8IIAS,,
01tDo000000UaTUIA0,,
01tDo000000UZloIAG,,
01tDo000000Ua7PIAS,,
01tDo000000UaKWIA0,,
01tDo000000UZlYIAW,,
01tDo000000UZNbIAO,,
01tDo000000UaJoIAK,,
01tDo000000UZdTIAW,,
01tDo000000UZxpIAG,,
01tDo000000UaBrIAK,,
01tDo000000UZElIAO,,
01tDo000000UaBvIAK,,
01tDo000000UZqBIAW,,
01tDo000000UaOCIA0,,
01tDo000000UZPLIA4,,
01tDo000000UZgZIAW,,
01tDo000000UaFpIAK,,
01tDo000000UZQcIAO,,
01tDo000000UZlwIAG,,
01tDo000000UaJyIAK,,
01tDo000000UZyWIAW,,
01tDo000000Ua7jIAC,,
01tDo000000UaTGIA0,,
01tDo000000UZm2IAG,,
01tDo000000Ua7BIAS,,
01tDo000000UaK6IAK,,
01tDo000000UZlMIAW,,
01tDo000000UZySIAW,,
01tDo000000UaJjIAK,,
01tDo000000UZcyIAG,,
01tDo000000UZxZIAW,,
01tDo000000UaC9IAK,,
01tDo000000UZcSIAW,,
01tDo000000UZpnIAG,,
01tDo000000UaB1IAK,,
01tDo000000UaOZIA0,,
01tDo000000UZp2IAG,,
01tDo000000Ua1tIAC,,
01tDo000000UZX5IAO,,
01tDo000000UZgsIAG,,
01tDo000000Ua1ZIAS,,
01tDo000000UaTZIA0,,
01tDo000000UZgOIAW,,
01tDo000000Ua82IAC,,
01tDo000000UaTIIA0,,
01tDo000000UZIOIA4,,
01tDo000000Ua7EIAS,,
01tDo000000UaKIIA0,,
01tDo000000UZlPIAW,,
01tDo000000UZyNIAW,,
01tDo000000UaJkIAK,,
01tDo000000UZd8IAG,,
01tDo000000UZxdIAG,,
01tDo000000UaC0IAK,,
01tDo000000UZcNIAW,,
01tDo000000UZpyIAG,,
01tDo000000UaAtIAK,,
01tDo000000UaOOIA0,,
01tDo000000UZJoIAO,,
01tDo000000Ua2HIAS,,
01tDo000000UZWyIAO,,
01tDo000000UZgjIAG,,
01tDo000000Ua1GIAS,,
01tDo000000UaTkIAK,,
01tDo000000UZthIAG,,
01tDo000000Ua7eIAC,,
01tDo000000UaT2IAK,,
01tDo000000UZliIAG,,
01tDo000000Ua6qIAC,,
01tDo000000UaK5IAK,,
01tDo000000UZlBIAW,,
01tDo000000UZyDIAW,,
01tDo000000UaJdIAK,,
01tDo000000UZNaIAO,,
01tDo000000UZEqIAO,,
01tDo000000UaBhIAK,,
01tDo000000UZpjIAG,,
01tDo000000UaO7IAK,,
01tDo000000Ua1qIAC,,
01tDo000000UZgVIAW,,
01tDo000000UaTTIA0,,
01tDo000000Ua7QIAS,,
01tDo000000UZlZIAW,,
01tDo000000UZgSIAW,,
01tDo000000Ua1DIAS,,
01tDo000000UaTOIA0,,
01tDo000000UZtXIAW,,
01tDo000000Ua7LIAS,,
01tDo000000UaSvIAK,,
01tDo000000UZIIIA4,,
01tDo000000Ua6mIAC,,
01tDo000000UZVbIAO,,
01tDo000000UZI6IAO,,
01tDo000000UZxlIAG,,
01tDo000000UaJJIA0,,
01tDo000000UZcgIAG,,
01tDo000000UZx8IAG,,
01tDo000000UaBHIA0,,
01tDo000000UZc2IAG,,
01tDo000000UZpNIAW,,
01tDo000000UaAdIAK,,
01tDo000000UaNlIAK,,
01tDo000000UZofIAG,,
01tDo000000Ua1YIAS,,
01tDo000000UaNDIA0,,
01tDo000000UZGOIA4,,
01tDo000000Ua18IAC,,
01tDo000000UZYmIAO,,
01tDo000000UZtRIAW,,
01tDo000000Ua7AIAS,,
01tDo000000UaSpIAK,,
01tDo000000UZlXIAW,,
01tDo000000Ua6hIAC,,
01tDo000000UaJqIAK,,
01tDo000000UZkiIAG,,
01tDo000000UZxtIAG,,
01tDo000000UZVMIA4,,
01tDo000000UZchIAG,,
01tDo000000UZwxIAG,,
01tDo000000UaBGIA0,,
01tDo000000UZbkIAG,,
01tDo000000UZpHIAW,,
01tDo000000UaAZIA0,,
01tDo000000UaNmIAK,,
01tDo000000UZoVIAW,,
01tDo000000Ua1WIAS,,
01tDo000000UaLTIA0,,
01tDo000000UZgKIAW,,
01tDo000000UaFLIA0,,
01tDo000000UaTEIA0,,
01tDo000000UZuQIAW,,
01tDo000000Ua76IAC,,
01tDo000000UaGgIAK,,
01tDo000000UZlHIAW,,
01tDo000000UaALIA0,,
01tDo000000UZlQIAW,,
01tDo000000UaJlIAK,,
01tDo000000UZxeIAG,,
01tDo000000UZcQIAW,,
01tDo000000UaAuIAK,,
01tDo000000UZp1IAG,,
01tDo000000UaNRIA0,,
01tDo000000Ua1JIAS,,
01tDo000000UZtiIAG,,
01tDo000000UZYfIAO,,
01tDo000000UaNaIAK,,
01tDo000000UZzbIAG,,
01tDo000000Ua1RIAS,,
01tDo000000UaLfIAK,,
01tDo000000UZtqIAG,,
01tDo000000Ua0zIAC,,
01tDo000000UZYlIAO,,
01tDo000000UZuVIAW,,
01tDo000000Ua70IAC,,
01tDo000000UaGoIAK,,
01tDo000000UZl7IAG,,
01tDo000000UaAVIA0,,
01tDo000000UaJXIA0,,
01tDo000000UZbdIAG,,
01tDo000000UZxRIAW,,
01tDo000000UaQ5IAK,,
01tDo000000UZcJIAW,,
01tDo000000UZr0IAG,,
01tDo000000UZRmIAO,,
01tDo000000UZkmIAG,,
01tDo000000UZowIAG,,
01tDo000000Ua6XIAS,,
01tDo000000UaNKIA0,,
01tDo000000UZzjIAG,,
01tDo000000Ua1AIAS,,
01tDo000000UaLkIAK,,
01tDo000000UZtgIAG,,
01tDo000000Ua12IAC,,
01tDo000000UZYdIAO,,
01tDo000000UZufIAG,,
01tDo000000Ua6pIAC,,
01tDo000000UaGtIAK,,
01tDo000000UZkwIAG,,
01tDo000000UaAbIAK,,
01tDo000000UaJNIA0,,
01tDo000000UZbvIAG,,
01tDo000000UZxDIAW,,
01tDo000000UaQDIA0,,
01tDo000000UZc4IAG,,
01tDo000000UZr6IAG,,
01tDo000000UaAgIAK,,
01tDo000000UZkuIAG,,
01tDo000000UZohIAG,,
01tDo000000Ua6lIAC,,
01tDo000000UZW6IAO,,
01tDo000000UZOIIA4,,
01tDo000000UaF8IAK,,
01tDo000000UZLoIAO,,
01tDo000000Ua1CIAS,,
01tDo000000UaGRIA0,,
01tDo000000UZukIAG,,
01tDo000000UaSqIAK,,
01tDo000000Ua6gIAC,,
01tDo000000UZkjIAG,,
01tDo000000UaJ6IAK,,
01tDo000000UZwyIAG,,
01tDo000000UZblIAG,,
01tDo000000UaAYIA0,,
01tDo000000UZoWIAW,,
01tDo000000UaLUIA0,,
01tDo000000UaFMIA0,,
01tDo000000Ua6KIAS,,
01tDo000000UZlAIAW,,
01tDo000000UZzEIAW,,
01tDo000000Ua71IAC,,
01tDo000000UaLKIA0,,
01tDo000000Ua0IIAS,,
01tDo000000UaFGIA0,,
01tDo000000UaMFIA0,,
01tDo000000UZuPIAW,,
01tDo000000Ua1MIAS,,
01tDo000000UaGdIAK,,
01tDo000000UZv7IAG,,
01tDo000000UaAMIA0,,
01tDo000000UaHGIA0,,
01tDo000000UZbVIAW,,
01tDo000000UaB4IAK,,
01tDo000000UaPpIAK,,
01tDo000000UZcYIAW,,
01tDo000000UZqrIAG,,
01tDo000000UaQgIAK,,
01tDo000000UZkXIAW,,
01tDo000000UZrfIAG,,
01tDo000000UZQAIA4,,
01tDo000000UZl2IAG,,
01tDo000000UZzWIAW,,
01tDo000000Ua6sIAC,,
01tDo000000UaLcIAK,,
01tDo000000Ua05IAC,,
01tDo000000Ua10IAC,,
01tDo000000UZWOIA4,,
01tDo000000UZucIAG,,
01tDo000000Ua1IIAS,,
01tDo000000UZTzIAO,,
01tDo000000UZuzIAG,,
01tDo000000UaAPIA0,,
01tDo000000UaHDIA0,,
01tDo000000UZbWIAW,,
01tDo000000UaAsIAK,,
01tDo000000UaPsIAK,,
01tDo000000UZcUIAW,,
01tDo000000UZqtIAG,,
01tDo000000UaQbIAK,,
01tDo000000UZkbIAG,,
01tDo000000UZrUIAW,,
01tDo000000Ua6ZIAS,,
01tDo000000UZIBIA4,,
01tDo000000UZzdIAG,,
01tDo000000UZQTIA4,,
01tDo000000UaLlIAK,,
01tDo000000Ua0SIAS,,
01tDo000000Ua14IAC,,
01tDo000000UZgNIAW,,
01tDo000000Ua13IAC,,
01tDo000000UZueIAG,,
01tDo000000UaGuIAK,,
01tDo000000UaAaIAK,,
01tDo000000UZbuIAG,,
01tDo000000UaQEIA0,,
01tDo000000UZr5IAG,,
01tDo000000UZktIAG,,
01tDo000000Ua6kIAC,,
01tDo000000UZzyIAG,,
01tDo000000UZqyIAG,,
01tDo000000UaR5IAK,,
01tDo000000UZI7IAO,,
01tDo000000UZKgIAO,,
01tDo000000Ua6nIAC,,
01tDo000000UZITIA4,,
01tDo000000Ua00IAC,,
01tDo000000Ua77IAC,,
01tDo000000UaM0IAK,,
01tDo000000Ua0jIAC,,
01tDo000000Ua1FIAS,,
01tDo000000UZgJIAW,,
01tDo000000UZuxIAG,,
01tDo000000Ua22IAC,,
01tDo000000UaH7IAK,,
01tDo000000UZvGIAW,,
01tDo000000UaAqIAK,,
01tDo000000UaHjIAK,,
01tDo000000UZcCIAW,,
01tDo000000UaB9IAK,,
01tDo000000UaQTIA0,,
01tDo000000UZd2IAG,,
01tDo000000UZrFIAW,,
01tDo000000UaQnIAK,,
01tDo000000UZlCIAW,,
01tDo000000UZKhIAO,,
01tDo000000Ua73IAC,,
01tDo000000UZlnIAG,,
01tDo000000Ua0HIAS,,
01tDo000000Ua7IIAS,,
01tDo000000UaMKIA0,,
01tDo000000Ua0xIAC,,
01tDo000000Ua1QIAS,,
01tDo000000UZgRIAW,,
01tDo000000UZuoIAG,,
01tDo000000Ua2AIAS,,
01tDo000000UaH2IAK,,
01tDo000000UZvQIAW,,
01tDo000000UaAhIAK,,
01tDo000000UaHqIAK,,
01tDo000000UZc7IAG,,
01tDo000000UaBSIA0,,
01tDo000000UaQKIA0,,
01tDo000000UZdAIAW,,
01tDo000000UZrBIAW,,
01tDo000000UaQvIAK,,
01tDo000000UZI8IAO,,
01tDo000000UZsXIAW,,
01tDo000000Ua6rIAC,,
01tDo000000UZINIA4,,
01tDo000000Ua0AIAS,,
01tDo000000Ua85IAC,,
01tDo000000Ua06IAC,,
01tDo000000UaM6IAK,,
01tDo000000Ua1HIAS,,
01tDo000000UZuyIAG,,
01tDo000000UaHCIA0,,
01tDo000000UaArIAK,,
01tDo000000UZcTIAW,,
01tDo000000UaQaIAK,,
01tDo000000UZrTIAW,,
01tDo000000UZICIA4,,
01tDo000000UZEmIAO,,
01tDo000000UaC4IAK,,
01tDo000000UaQUIA0,,
01tDo000000UZctIAG,,
01tDo000000UZl5IAG,,
01tDo000000UZsKIAW,,
01tDo000000Ua7OIAS,,
01tDo000000UZm5IAG,,
01tDo000000Ua0DIAS,,
01tDo000000Ua7kIAC,,
01tDo000000UZgTIAW,,
01tDo000000UZnYIAW,,
01tDo000000Ua1KIAS,,
01tDo000000UZGYIA4,,
01tDo000000UZveIAG,,
01tDo000000Ua2iIAC,,
01tDo000000UaHFIA0,,
01tDo000000UZvvIAG,,
01tDo000000UaBZIA0,,
01tDo000000UaIEIA0,,
01tDo000000UZEaIAO,,
01tDo000000UaBzIAK,,
01tDo000000UaR2IAK,,
01tDo000000UZdbIAG,,
01tDo000000UZrLIAW,,
01tDo000000UaRVIA0,,
01tDo000000UZldIAG,,
01tDo000000UZsCIAW,,
01tDo000000Ua75IAC,,
01tDo000000UZlyIAG,,
01tDo000000Ua0lIAC,,
01tDo000000Ua7aIAC,,
01tDo000000UZgLIAW,,
01tDo000000UZnTIAW,,
01tDo000000Ua1OIAS,,
01tDo000000UZgeIAG,,
01tDo000000UZvlIAG,,
01tDo000000Ua2dIAC,,
01tDo000000UaHIIA0,,
01tDo000000UZvqIAG,,
01tDo000000UaBjIAK,,
01tDo000000UaIBIA0,,
01tDo000000UZcXIAW,,
01tDo000000UZSDIA4,,
01tDo000000UaRCIA0,,
01tDo000000UZdZIAW,,
01tDo000000UZraIAG,,
01tDo000000UaRJIA0,,
01tDo000000UZlkIAG,,
01tDo000000UZsiIAG,,
01tDo000000UZlmIAG,,
01tDo000000Ua7JIAS,,
01tDo000000UZOdIAO,,
01tDo000000UZgQIAW,,
01tDo000000Ua2BIAS,,
01tDo000000UZvRIAW,,
01tDo000000UaHpIAK,,
01tDo000000UaBTIA0,,
01tDo000000UZdCIAW,,
01tDo000000UZXoIAO,,
01tDo000000UaHtIAK,,
01tDo000000UaBVIA0,,
01tDo000000UaI3IAK,,
01tDo000000UZdDIAW,,
01tDo000000UaCZIA0,,
01tDo000000UaQwIAK,,
01tDo000000UZdMIAW,,
01tDo000000UZL0IAO,,
01tDo000000UaS7IAK,,
01tDo000000UZlcIAG,,
01tDo000000UZsbIAG,,
01tDo000000Ua81IAC,,
01tDo000000UZmsIAG,,
01tDo000000Ua0hIAC,,
01tDo000000Ua7sIAC,,
01tDo000000UZgrIAG,,
01tDo000000UZnBIAW,,
01tDo000000Ua1uIAC,,
01tDo000000UZhvIAG,,
01tDo000000UZw3IAG,,
01tDo000000Ua3RIAS,,
01tDo000000UaHfIAK,,
01tDo000000UZMMIA4,,
01tDo000000UaC7IAK,,
01tDo000000UaHzIAK,,
01tDo000000UZcxIAG,,
01tDo000000UaCpIAK,,
01tDo000000UaRaIAK,,
01tDo000000UZdBIAW,,
01tDo000000UZsHIAW,,
01tDo000000UZm3IAG,,
01tDo000000UZswIAG,,
01tDo000000Ua7nIAC,,
01tDo000000UZmzIAG,,
01tDo000000UZnXIAW,,
01tDo000000Ua84IAC,,
01tDo000000UZgmIAG,,
01tDo000000UZnMIAW,,
01tDo000000Ua1jIAC,,
01tDo000000UZi8IAG,,
01tDo000000UZvzIAG,,
01tDo000000Ua3jIAC,,
01tDo000000UaHcIAK,,
01tDo000000UZw2IAG,,
01tDo000000UaC3IAK,,
01tDo000000UZUoIAO,,
01tDo000000UZcsIAG,,
01tDo000000UZSiIAO,,
01tDo000000UaRTIA0,,
01tDo000000UZeMIAW,,
01tDo000000UaRWIA0,,
01tDo000000UZsDIAW,,
01tDo000000UZlzIAG,,
01tDo000000Ua7ZIAS,,
01tDo000000UZnUIAW,,
01tDo000000UZgdIAG,,
01tDo000000UZPMIA4,,
01tDo000000UZvpIAG,,
01tDo000000UaICIA0,,
01tDo000000UaByIAK,,
01tDo000000Ua2eIAC,,
01tDo000000UZgwIAG,,
01tDo000000UZvuIAG,,
01tDo000000Ua3oIAC,,
01tDo000000UZUqIAO,,
01tDo000000UZwbIAG,,
01tDo000000UaBxIAK,,
01tDo000000UaI8IAK,,
01tDo000000UZdaIAG,,
01tDo000000UaCEIA0,,
01tDo000000UaRKIA0,,
01tDo000000UZeOIAW,,
01tDo000000UZL7IAO,,
01tDo000000UaSbIAK,,
01tDo000000UZlhIAG,,
01tDo000000UZL6IAO,,
01tDo000000Ua7bIAC,,
01tDo000000UZmCIAW,,
01tDo000000UZnvIAG,,
01tDo000000UaN4IAK,,
01tDo000000UZhgIAG,,
01tDo000000UZJaIAO,,
01tDo000000Ua23IAC,,
01tDo000000UZhWIAW,,
01tDo000000UZvsIAG,,
01tDo000000Ua2vIAC,,
01tDo000000UaIYIA0,,
01tDo000000UZx2IAG,,
01tDo000000UaCfIAK,,
01tDo000000UaJ9IAK,,
01tDo000000UZd3IAG,,
01tDo000000UaCGIA0,,
01tDo000000UaRGIA0,,
01tDo000000UZeUIAW,,
01tDo000000UZssIAG,,
01tDo000000UaSeIAK,,
01tDo000000UZmpIAG,,
01tDo000000UZskIAG,,
01tDo000000Ua7rIAC,,
01tDo000000UZmKIAW,,
01tDo000000UZo2IAG,,
01tDo000000UaN7IAK,,
01tDo000000UZhnIAG,,
01tDo000000UZoYIAW,,
01tDo000000Ua2IIAS,,
01tDo000000UZhSIAW,,
01tDo000000UZvxIAG,,
01tDo000000Ua2nIAC,,
01tDo000000UaIiIAK,,
01tDo000000UZwsIAG,,
01tDo000000UaChIAK,,
01tDo000000UaJ2IAK,,
01tDo000000UaCqIAK,,
01tDo000000UZd9IAG,,
01tDo000000UaROIA0,,
01tDo000000UZsvIAG,,
01tDo000000UZmyIAG,,
01tDo000000Ua83IAC,,
01tDo000000UZnLIAW,,
01tDo000000UZi9IAG,,
01tDo000000Ua3iIAC,,
01tDo000000UZw1IAG,,
01tDo000000UZnKIAW,,
01tDo000000UaMbIAK,,
01tDo000000UZi4IAG,,
01tDo000000UZouIAG,,
01tDo000000Ua3gIAC,,
01tDo000000UZHHIA4,,
01tDo000000UZw4IAG,,
01tDo000000Ua3NIAS,,
01tDo000000UaI6IAK,,
01tDo000000UZwOIAW,,
01tDo000000UaCoIAK,,
01tDo000000UaJYIA0,,
01tDo000000UZeDIAW,,
01tDo000000UaDWIA0,,
01tDo000000UaRSIA0,,
01tDo000000UZe5IAG,,
01tDo000000UZsYIAW,,
01tDo000000UaSJIA0,,
01tDo000000UZn3IAG,,
01tDo000000UZtrIAG,,
01tDo000000UZWgIAO,,
01tDo000000UZa6IAG,,
01tDo000000UZnQIAW,,
01tDo000000UaMsIAK,,
01tDo000000UZhDIAW,,
01tDo000000UZoEIAW,,
01tDo000000Ua3vIAC,,
01tDo000000UZjTIAW,,
01tDo000000UZwlIAG,,
01tDo000000Ua4YIAS,,
01tDo000000UaIFIA0,,
01tDo000000UZwHIAW,,
01tDo000000UaCNIA0,,
01tDo000000UaJMIA0,,
01tDo000000UZeVIAW,,
01tDo000000UaDnIAK,,
01tDo000000UaShIAK,,
01tDo000000UZdrIAG,,
01tDo000000UZsmIAG,,
01tDo000000UaSWIA0,,
01tDo000000UZmMIAW,,
01tDo000000UZtfIAG,,
01tDo000000UaMvIAK,,
01tDo000000UZaMIAW,,
01tDo000000UZnRIAW,,
01tDo000000UaMgIAK,,
01tDo000000UZgxIAG,,
01tDo000000UZoMIAW,,
01tDo000000Ua3pIAC,,
01tDo000000UZj3IAG,,
01tDo000000UZwhIAG,,
01tDo000000Ua4cIAC,,
01tDo000000UZx1IAG,,
01tDo000000UaJAIA0,,
01tDo000000UaCFIA0,,
01tDo000000UZeTIAW,,
01tDo000000UaSdIAK,,
01tDo000000UZsjIAG,,
01tDo000000UZmJIAW,,
01tDo000000UZoXIAW,,
01tDo000000UZhTIAW,,
01tDo000000UZmGIAW,,
01tDo000000UZtNIAW,,
01tDo000000UaN6IAK,,
01tDo000000UZZvIAO,,
01tDo000000UZoTIAW,,
01tDo000000UaNzIAK,,
01tDo000000UZhPIAW,,
01tDo000000UZo7IAG,,
01tDo000000Ua2tIAC,,
01tDo000000UZiSIAW,,
01tDo000000UZwzIAG,,
01tDo000000Ua4KIAS,,
01tDo000000UaJBIA0,,
01tDo000000UZy4IAG,,
01tDo000000UaCYIA0,,
01tDo000000UaIjIAK,,
01tDo000000UZdkIAG,,
01tDo000000UaDEIA0,,
01tDo000000UaSuIAK,,
01tDo000000UZfSIAW,,
01tDo000000UZtcIAG,,
01tDo000000UaThIAK,,
01tDo000000UZmhIAG,,
01tDo000000UZt5IAG,,
01tDo000000UaMdIAK,,
01tDo000000UZZjIAO,,
01tDo000000UZosIAG,,
01tDo000000UaNpIAK,,
01tDo000000UZj6IAG,,
01tDo000000UZpxIAG,,
01tDo000000UZPXIA4,,
01tDo000000UZiJIAW,,
01tDo000000UZwVIAW,,
01tDo000000Ua4EIAS,,
01tDo000000UaJ5IAK,,
01tDo000000UZyCIAW,,
01tDo000000UaDeIAK,,
01tDo000000UZV5IAO,,
01tDo000000UZddIAG,,
01tDo000000UaDIIA0,,
01tDo000000UZYEIA4,,
01tDo000000UZfTIAW,,
01tDo000000UZtTIAW,,
01tDo000000UaTgIAK,,
01tDo000000UZmPIAW,,
01tDo000000UZt7IAG,,
01tDo000000UaMuIAK,,
01tDo000000UZZkIAO,,
01tDo000000UZJhIAO,,
01tDo000000UaNnIAK,,
01tDo000000UZjQIAW,,
01tDo000000UZpsIAG,,
01tDo000000UZHRIA4,,
01tDo000000Ua4XIAS,,
01tDo000000UZwGIAW,,
01tDo000000UaJLIA0,,
01tDo000000UaDmIAK,,
01tDo000000UZdqIAG,,
01tDo000000UaSVIA0,,
01tDo000000UZteIAG,,
01tDo000000UZaLIAW,,
01tDo000000UaMfIAK,,
01tDo000000UaSRIA0,,
01tDo000000UZezIAG,,
01tDo000000UZtaIAG,,
01tDo000000UaTRIA0,,
01tDo000000UZaQIAW,,
01tDo000000Ua9nIAC,,
01tDo000000UaMhIAK,,
01tDo000000UZZbIAO,,
01tDo000000UZoLIAW,,
01tDo000000UaNbIAK,,
01tDo000000UZj7IAG,,
01tDo000000UZpqIAG,,
01tDo000000Ua4gIAC,,
01tDo000000UZHjIAO,,
01tDo000000UZwKIAW,,
01tDo000000Ua47IAC,,
01tDo000000UaItIAK,,
01tDo000000UZxbIAG,,
01tDo000000UaDPIA0,,
01tDo000000UaK7IAK,,
01tDo000000UZfgIAG,,
01tDo000000UaEaIAK,,
01tDo000000UaSFIA0,,
01tDo000000UZevIAG,,
01tDo000000UZtHIAW,,
01tDo000000UaTMIA0,,
01tDo000000UZZtIAO,,
01tDo000000Ua9RIAS,,
01tDo000000UZX9IAO,,
01tDo000000UZb3IAG,,
01tDo000000UZo9IAG,,
01tDo000000UaNMIA0,,
01tDo000000UZiTIAW,,
01tDo000000UZpUIAW,,
01tDo000000Ua4MIAS,,
01tDo000000UZHfIAO,,
01tDo000000UZy8IAG,,
01tDo000000Ua43IAC,,
01tDo000000UaImIAK,,
01tDo000000UaDLIA0,,
01tDo000000UaJuIAK,,
01tDo000000UZFpIAO,,
01tDo000000UaEQIA0,,
01tDo000000UaTjIAK,,
01tDo000000UZeeIAG,,
01tDo000000UZtKIAW,,
01tDo000000UaSjIAK,,
01tDo000000UZa0IAG,,
01tDo000000Ua9xIAC,,
01tDo000000UaO1IAK,,
01tDo000000UaNqIAK,,
01tDo000000UZpwIAG,,
01tDo000000UZiKIAW,,
01tDo000000Ua4FIAS,,
01tDo000000UZyBIAW,,
01tDo000000UaDJIA0,,
01tDo000000UZfUIAW,,
01tDo000000UaTiIAK,,
01tDo000000UZt8IAG,,
01tDo000000UaD9IAK,,
01tDo000000UaJ8IAK,,
01tDo000000UZfGIAW,,
01tDo000000UZTZIA4,,
01tDo000000UaTfIAK,,
01tDo000000UZeoIAG,,
01tDo000000UZt0IAG,,
01tDo000000UaSrIAK,,
01tDo000000UZZhIAO,,
01tDo000000UaA2IAK,,
01tDo000000UaNjIAK,,
01tDo000000UZDdIAO,,
01tDo000000UZptIAG,,
01tDo000000UaPFIA0,,
01tDo000000UZiGIAW,,
01tDo000000UZKIIA4,,
01tDo000000Ua4HIAS,,
01tDo000000UZitIAG,,
01tDo000000UZxwIAG,,
01tDo000000Ua67IAC,,
01tDo000000UaKGIA0,,
01tDo000000UZxCIAW,,
01tDo000000UaD4IAK,,
01tDo000000UaJUIA0,,
01tDo000000UZf9IAG,,
01tDo000000UaF5IAK,,
01tDo000000UaTVIA0,,
01tDo000000UZf6IAG,,
01tDo000000Ua9hIAC,,
01tDo000000UaGNIA0,,
01tDo000000UZZWIA4,,
01tDo000000UaAHIA0,,
01tDo000000UaNcIAK,,
01tDo000000UZZyIAO,,
01tDo000000UZpoIAG,,
01tDo000000UaPVIA0,,
01tDo000000UZjpIAG,,
01tDo000000UZp4IAG,,
01tDo000000Ua48IAC,,
01tDo000000UZj1IAG,,
01tDo000000UZxjIAG,,
01tDo000000Ua6BIAS,,
01tDo000000UaKCIA0,,
01tDo000000UZxMIAW,,
01tDo000000UaEeIAK,,
01tDo000000UaJWIA0,,
01tDo000000UZeyIAG,,
01tDo000000UaF6IAK,,
01tDo000000UaSXIA0,,
01tDo000000UZfBIAW,,
01tDo000000Ua9uIAC,,
01tDo000000UaGSIA0,,
01tDo000000Ua9QIAS,,
01tDo000000UZE2IAO,,
01tDo000000UZpTIAW,,
01tDo000000UZjeIAG,,
01tDo000000Ua42IAC,,
01tDo000000UZN4IAO,,
01tDo000000UaJvIAK,,
01tDo000000UaEOIA0,,
01tDo000000UZFjIAO,,
01tDo000000UZNqIAO,,
01tDo000000Ua6GIAS,,
01tDo000000UaIyIAK,,
01tDo000000UZxSIAW,,
01tDo000000UaElIAK,,
01tDo000000UaLHIA0,,
01tDo000000UZgBIAW,,
01tDo000000UaFBIA0,,
01tDo000000UaSgIAK,,
01tDo000000UZfeIAG,,
01tDo000000Ua9wIAC,,
01tDo000000UZU2IAO,,
01tDo000000UZDYIA4,,
01tDo000000Ua8bIAC,,
01tDo000000UaN9IAK,,
01tDo000000UZaKIAW,,
01tDo000000UZqNIAW,,
01tDo000000UaPwIAK,,
01tDo000000UZiUIAW,,
01tDo000000UZpWIAW,,
01tDo000000Ua5zIAC,,
01tDo000000UZkhIAG,,
01tDo000000UZylIAG,,
01tDo000000Ua6dIAC,,
01tDo000000UaJ4IAK,,
01tDo000000UZxrIAG,,
01tDo000000UaErIAK,,
01tDo000000UaLiIAK,,
01tDo000000UZedIAG,,
01tDo000000UaE0IAK,,
01tDo000000UaSoIAK,,
01tDo000000UZfsIAG,,
01tDo000000Ua9zIAC,,
01tDo000000UaGzIAK,,
01tDo000000UZZmIAO,,
01tDo000000Ua90IAC,,
01tDo000000UaPGIA0,,
01tDo000000UZc0IAG,,
01tDo000000UZqUIAW,,
01tDo000000UaQCIA0,,
01tDo000000UZimIAG,,
01tDo000000UZpDIAW,,
01tDo000000Ua69IAC,,
01tDo000000UZkTIAW,,
01tDo000000UZxKIAW,,
01tDo000000Ua6PIAS,,
01tDo000000UaJSIA0,,
01tDo000000UZxkIAG,,
01tDo000000UaF4IAK,,
01tDo000000UaLaIAK,,
01tDo000000UZemIAG,,
01tDo000000UaDpIAK,,
01tDo000000UZf7IAG,,
01tDo000000UaGMIA0,,
01tDo000000UaAGIA0,,
01tDo000000UZZzIAO,,
01tDo000000UaPWIA0,,
01tDo000000UZp3IAG,,
01tDo000000UZj2IAG,,
01tDo000000Ua6AIAS,,
01tDo000000UZxLIAW,,
01tDo000000UaJVIA0,,
01tDo000000UZinIAG,,
01tDo000000UZpcIAG,,
01tDo000000Ua64IAC,,
01tDo000000UZkaIAG,,
01tDo000000UZxFIAW,,
01tDo000000UZPwIAO,,
01tDo000000UaJPIA0,,
01tDo000000UZxsIAG,,
01tDo000000UaF0IAK,,
01tDo000000UaMDIA0,,
01tDo000000UZf2IAG,,
01tDo000000UaDsIAK,,
01tDo000000UaGHIA0,,
01tDo000000UZM2IAO,,
01tDo000000UaADIA0,,
01tDo000000UaGqIAK,,
01tDo000000UZZuIAO,,
01tDo000000Ua9bIAC,,
01tDo000000UaPUIA0,,
01tDo000000UZbpIAG,,
01tDo000000UZp9IAG,,
01tDo000000UaOUIA0,,
01tDo000000UZjRIAW,,
01tDo000000UZpdIAG,,
01tDo000000Ua6OIAS,,
01tDo000000UZlNIAW,,
01tDo000000UZxhIAG,,
01tDo000000Ua4kIAC,,
01tDo000000UaLYIA0,,
01tDo000000Ua0KIAS,,
01tDo000000UaFKIA0,,
01tDo000000UaLpIAK,,
01tDo000000UZfWIAW,,
01tDo000000UaEPIA0,,
01tDo000000UaGfIAK,,
01tDo000000UZumIAG,,
01tDo000000Ua8kIAC,,
01tDo000000UaFsIAK,,
01tDo000000UZaPIAW,,
01tDo000000Ua97IAC,,
01tDo000000UaPxIAK,,
01tDo000000UZcfIAG,,
01tDo000000UZpVIAW,,
01tDo000000UaOWIA0,,
01tDo000000UZkfIAG,,
01tDo000000UZplIAG,,
01tDo000000UZQDIA4,,
01tDo000000UZlSIAW,,
01tDo000000UZy2IAG,,
01tDo000000Ua4wIAC,,
01tDo000000UaLoIAK,,
01tDo000000Ua0TIAS,,
01tDo000000UaLhIAK,,
01tDo000000UaE1IAK,,
01tDo000000UZfrIAG,,
01tDo000000UaH0IAK,,
01tDo000000Ua91IAC,,
01tDo000000UZbzIAG,,
01tDo000000UaQBIA0,,
01tDo000000UZpCIAW,,
01tDo000000UZkSIAW,,
01tDo000000Ua6QIAS,,
01tDo000000UZXdIAO,,
01tDo000000UZcoIAG,,
01tDo000000UZpFIAW,,
01tDo000000UaOPIA0,,
01tDo000000UZkrIAG,,
01tDo000000UZs6IAG,,
01tDo000000Ua6LIAS,,
01tDo000000UZlDIAW,,
01tDo000000UZNWIA4,,
01tDo000000Ua5vIAC,,
01tDo000000UaLVIA0,,
01tDo000000Ua03IAC,,
01tDo000000UaE6IAK,,
01tDo000000UaKsIAK,,
01tDo000000UZfXIAW,,
01tDo000000UaEMIA0,,
01tDo000000UaH5IAK,,
01tDo000000UZvoIAG,,
01tDo000000Ua8ZIAS,,
01tDo000000UaFjIAK,,
01tDo000000UZcFIAW,,
01tDo000000UZS8IAO,,
01tDo000000UaPoIAK,,
01tDo000000UZpvIAG,,
01tDo000000UaP3IAK,,
01tDo000000UZkVIAW,,
01tDo000000UZriIAG,,
01tDo000000Ua59IAC,,
01tDo000000UZk7IAG,,
01tDo000000UZxqIAG,,
01tDo000000Ua5WIAS,,
01tDo000000UaM9IAK,,
01tDo000000Ua0sIAC,,
01tDo000000UaDtIAK,,
01tDo000000UaKPIA0,,
01tDo000000UZv6IAG,,
01tDo000000Ua2CIAS,,
01tDo000000UaGrIAK,,
01tDo000000UZvUIAW,,
01tDo000000Ua9aIAC,,
01tDo000000UaGCIA0,,
01tDo000000UZbnIAG,,
01tDo000000UaBNIA0,,
01tDo000000UaOTIA0,,
01tDo000000UZcPIAW,,
01tDo000000UZJuIAO,,
01tDo000000UaOvIAK,,
01tDo000000UZlKIAW,,
01tDo000000UZrRIAW,,
01tDo000000Ua4qIAC,,
01tDo000000UZk3IAG,,
01tDo000000Ua4lIAC,,
01tDo000000Ua0LIAS,,
01tDo000000UaLqIAK,,
01tDo000000UaERIA0,,
01tDo000000UZunIAG,,
01tDo000000UaFqIAK,,
01tDo000000UZRBIA4,,
01tDo000000UZEkIAO,,
01tDo000000UaOXIA0,,
01tDo000000UZpmIAG,,
01tDo000000Ua9kIAC,,
01tDo000000UaG6IAK,,
01tDo000000UZbtIAG,,
01tDo000000UaBCIA0,,
01tDo000000UZbGIAW,,
01tDo000000UZpiIAG,,
01tDo000000UaOkIAK,,
01tDo000000UZIEIA4,,
01tDo000000UZsQIAW,,
01tDo000000Ua4zIAC,,
01tDo000000UZjyIAG,,
01tDo000000Ua0NIAS,,
01tDo000000Ua7uIAC,,
01tDo000000UaLrIAK,,
01tDo000000UaENIA0,,
01tDo000000UaLCIA0,,
01tDo000000UZulIAG,,
01tDo000000Ua2bIAC,,
01tDo000000UaFmIAK,,
01tDo000000UZuOIAW,,
01tDo000000Ua94IAC,,
01tDo000000UaFrIAK,,
01tDo000000UZcpIAG,,
01tDo000000UaBFIA0,,
01tDo000000UaORIA0,,
01tDo000000UZbUIAW,,
01tDo000000UZs7IAG,,
01tDo000000UaRiIAK,,
01tDo000000UZl9IAG,,
01tDo000000UZruIAG,,
01tDo000000Ua5wIAC,,
01tDo000000UZjsIAG,,
01tDo000000UZOPIA4,,
01tDo000000Ua8KIAS,,
01tDo000000UaKrIAK,,
01tDo000000UZzQIAW,,
01tDo000000UaELIA0,,
01tDo000000UaKZIA0,,
01tDo000000UZvgIAG,,
01tDo000000Ua1iIAC,,
01tDo000000UaFeIAK,,
01tDo000000UZuZIAW,,
01tDo000000UaBgIAK,,
01tDo000000UaIMIA0,,
01tDo000000UZcaIAG,,
01tDo000000UaBPIA0,,
01tDo000000UaP4IAK,,
01tDo000000UZrhIAG,,
01tDo000000UaRsIAK,,
01tDo000000UZrjIAG,,
01tDo000000UZk8IAG,,
01tDo000000Ua5VIAS,,
01tDo000000Ua0tIAC,,
01tDo000000UaKOIA0,,
01tDo000000Ua2DIAS,,
01tDo000000UZvVIAW,,
01tDo000000UaGDIA0,,
01tDo000000UaBOIA0,,
01tDo000000UZcOIAW,,
01tDo000000UZvbIAG,,
01tDo000000Ua1vIAC,,
01tDo000000UaFXIA0,,
01tDo000000UZujIAG,,
01tDo000000UaBaIAK,,
01tDo000000UZUwIAO,,
01tDo000000UZcMIAW,,
01tDo000000UZS9IAO,,
01tDo000000UaOuIAK,,
01tDo000000UZbAIAW,,
01tDo000000UZrVIAW,,
01tDo000000UaSBIA0,,
01tDo000000UZk4IAG,,
01tDo000000UZr7IAG,,
01tDo000000Ua5TIAS,,
01tDo000000UZHqIAO,,
01tDo000000UZOaIAO,,
01tDo000000UZQbIAO,,
01tDo000000UaKLIA0,,
01tDo000000UZzoIAG,,
01tDo000000UZPJIA4,,
01tDo000000UZheIAG,,
01tDo000000UZM3IAO,,
01tDo000000Ua20IAC,,
01tDo000000UaFdIAK,,
01tDo000000UZttIAG,,
01tDo000000UaC5IAK,,
01tDo000000UZV1IAO,,
01tDo000000UaAoIAK,,
01tDo000000UaOVIA0,,
01tDo000000UZEAIA4,,
01tDo000000UZrYIAW,,
01tDo000000UaRMIA0,,
01tDo000000UZkKIAW,,
01tDo000000UZrHIAW,,
01tDo000000Ua8CIAS,,
01tDo000000UZIsIAO,,
01tDo000000Ua0RIAS,,
01tDo000000Ua7xIAC,,
01tDo000000UZVqIAO,,
01tDo000000UZz0IAG,,
01tDo000000Ua2XIAS,,
01tDo000000UZi0IAG,,
01tDo000000UZLpIAO,,
01tDo000000Ua1NIAS,,
01tDo000000UaFnIAK,,
01tDo000000UZuGIAW,,
01tDo000000UaB7IAK,,
01tDo000000UZUyIAO,,
01tDo000000UZbSIAW,,
01tDo000000UaAjIAK,,
01tDo000000UZbTIAW,,
01tDo000000UaRhIAK,,
01tDo000000UZrtIAG,,
01tDo000000UZjtIAG,,
01tDo000000Ua8LIAS,,
01tDo000000UZzPIAW,,
01tDo000000UaKaIAK,,
01tDo000000UZuYIAW,,
01tDo000000UaINIA0,,
01tDo000000UaKQIA0,,
01tDo000000UZyuIAG,,
01tDo000000Ua2hIAC,,
01tDo000000UZhyIAG,,
01tDo000000UZuRIAW,,
01tDo000000Ua1LIAS,,
01tDo000000UZTnIAO,,
01tDo000000UZuDIAW,,
01tDo000000UaBLIA0,,
01tDo000000UaI1IAK,,
01tDo000000UZbZIAW,,
01tDo000000UaB0IAK,,
01tDo000000UaRtIAK,,
01tDo000000UZeFIAW,,
01tDo000000UZKpIAO,,
01tDo000000UaRUIA0,,
01tDo000000UZqiIAG,,
01tDo000000Ua8PIAS,,
01tDo000000UZn6IAG,,
01tDo000000UZznIAG,,
01tDo000000Ua7DIAS,,
01tDo000000UZW1IAO,,
01tDo000000UZzHIAW,,
01tDo000000Ua1yIAC,,
01tDo000000UZh8IAG,,
01tDo000000UZLtIAO,,
01tDo000000Ua1dIAC,,
01tDo000000UaIWIA0,,
01tDo000000UZwkIAG,,
01tDo000000UaBqIAK,,
01tDo000000UaIHIA0,,
01tDo000000UZb9IAG,,
01tDo000000UaAQIA0,,
01tDo000000UaSAIA0,,
01tDo000000UZeEIAW,,
01tDo000000UZr4IAG,,
01tDo000000UaR3IAK,,
01tDo000000UZHpIAO,,
01tDo000000UZKMIA4,,
01tDo000000Ua7oIAC,,
01tDo000000UZmVIAW,,
01tDo000000UZzxIAG,,
01tDo000000Ua74IAC,,
01tDo000000UZhlIAG,,
01tDo000000UZoeIAG,,
01tDo000000Ua29IAC,,
01tDo000000UZGgIAO,,
01tDo000000UZu0IAG,,
01tDo000000Ua16IAC,,
01tDo000000UaIeIAK,,
01tDo000000UZx9IAG,,
