Id,SBQQ__Product__c,SBQQ__Product__r.Name,Product_Line__c,SBQQ__Group__c,SBQQ__Group__r.Name
a6CDo0000012LppMAE,01tDo000000UZSRIA4,The Blue Book - Alpha Listing,Advertising,a6ADo000000snZqMAI,Zero
a6CDo0000012LpqMAE,01tDo000000UZSRIA4,The Blue Book - Alpha Listing,Advertising,a6ADo000000snZqMAI,Zero
a6CDo0000012LprMAE,01tDo000000UZSRIA4,The Blue Book - Alpha Listing,Advertising,a6ADo000000snZqMAI,Zero
a6CDo0000012LpsMAE,01tDo000000UZSRIA4,The Blue Book - Alpha Listing,Advertising,a6ADo000000snZqMAI,Zero
a6CDo0000012LptMAE,01tDo000000UZSRIA4,The Blue Book - Alpha Listing,Advertising,a6ADo000000snZqMAI,Zero
a6CDo0000012LpuMAE,01tDo000000UZSRIA4,The Blue Book - Alpha Listing,Advertising,a6ADo000000snZqMAI,Zero
a6CDo0000012LpvMAE,01tDo000000UZSRIA4,The Blue Book - Alpha Listing,Advertising,a6ADo000000snZqMAI,Zero
a6CDo0000012LpwMAE,01tDo000000UZSRIA4,The Blue Book - Alpha Listing,Advertising,a6ADo000000snZqMAI,Zero
a6CDo0000012LpxMAE,01tDo000000UZSRIA4,The Blue Book - Alpha Listing,Advertising,a6ADo000000snZqMAI,Zero
a6CDo0000012LpyMAE,01tDo000000UZSRIA4,The Blue Book - Alpha Listing,Advertising,a6ADo000000snZqMAI,Zero
a6CDo0000012LpzMAE,01tDo000000UZSRIA4,The Blue Book - Alpha Listing,Advertising,a6ADo000000snZqMAI,Zero
a6CDo0000012Lq0MAE,01tDo000000UZSRIA4,The Blue Book - Alpha Listing,Advertising,a6ADo000000snZqMAI,Zero
a6CDo0000012Lq1MAE,01tDo000000UZSRIA4,The Blue Book - Alpha Listing,Advertising,a6ADo000000snZqMAI,Zero
a6CDo0000012Lq2MAE,01tDo000000UZSRIA4,The Blue Book - Alpha Listing,Advertising,a6ADo000000snZqMAI,Zero
a6CDo0000012Lq3MAE,01tDo000000UZSRIA4,The Blue Book - Alpha Listing,Advertising,a6ADo000000snZqMAI,Zero
a6CDo0000012Lq4MAE,01tDo000000UZSRIA4,The Blue Book - Alpha Listing,Advertising,a6ADo000000snZqMAI,Zero
a6CDo0000012Lq5MAE,01tDo000000UZSRIA4,The Blue Book - Alpha Listing,Advertising,a6ADo000000snZqMAI,Zero
a6CDo0000012Lq6MAE,01tDo000000UZSRIA4,The Blue Book - Alpha Listing,Advertising,a6ADo000000snZqMAI,Zero
a6CDo0000012Lq7MAE,01tDo000000UZSRIA4,The Blue Book - Alpha Listing,Advertising,a6ADo000000snZqMAI,Zero
a6CDo0000012Lq8MAE,01tDo000000UZSRIA4,The Blue Book - Alpha Listing,Advertising,a6ADo000000snZqMAI,Zero
a6CDo0000012Lq9MAE,01tDo000000UZSRIA4,The Blue Book - Alpha Listing,Advertising,a6ADo000000snZqMAI,Zero
a6CDo0000012LqAMAU,01tDo000000UZSRIA4,The Blue Book - Alpha Listing,Advertising,a6ADo000000snZqMAI,Zero
a6CDo0000012LqBMAU,01tDo000000UZSRIA4,The Blue Book - Alpha Listing,Advertising,a6ADo000000snZqMAI,Zero
a6CDo0000012LqCMAU,01tDo000000UZSRIA4,The Blue Book - Alpha Listing,Advertising,a6ADo000000snZqMAI,Zero
a6CDo0000012LqDMAU,01tDo000000UZSRIA4,The Blue Book - Alpha Listing,Advertising,a6ADo000000snZqMAI,Zero
a6CDo0000012LqEMAU,01tDo000000UZSRIA4,The Blue Book - Alpha Listing,Advertising,a6ADo000000snZqMAI,Zero
a6CDo0000012LqFMAU,01tDo000000UZSRIA4,The Blue Book - Alpha Listing,Advertising,a6ADo000000snZqMAI,Zero
a6CDo0000012LqGMAU,01tDo000000UZSRIA4,The Blue Book - Alpha Listing,Advertising,a6ADo000000snZqMAI,Zero
a6CDo0000012LqHMAU,01tDo000000UZSRIA4,The Blue Book - Alpha Listing,Advertising,a6ADo000000snZqMAI,Zero
a6CDo0000012LqIMAU,01tDo000000UZSRIA4,The Blue Book - Alpha Listing,Advertising,a6ADo000000snZqMAI,Zero
a6CDo0000012LqJMAU,01tDo000000UZSRIA4,The Blue Book - Alpha Listing,Advertising,a6ADo000000snZqMAI,Zero
a6CDo0000012LqKMAU,01tDo000000UZSRIA4,The Blue Book - Alpha Listing,Advertising,a6ADo000000snZqMAI,Zero
a6CDo0000012LqLMAU,01tDo000000UZSRIA4,The Blue Book - Alpha Listing,Advertising,a6ADo000000snZqMAI,Zero
a6CDo0000012LqMMAU,01tDo000000UZSRIA4,The Blue Book - Alpha Listing,Advertising,a6ADo000000snZqMAI,Zero
a6CDo0000012LqPMAU,01tDo000000UZSRIA4,The Blue Book - Alpha Listing,Advertising,a6ADo000000snZqMAI,Zero
a6CDo0000012LqQMAU,01tDo000000UZSRIA4,The Blue Book - Alpha Listing,Advertising,a6ADo000000snZqMAI,Zero
a6CDo0000012LqRMAU,01tDo000000UZSRIA4,The Blue Book - Alpha Listing,Advertising,a6ADo000000snZqMAI,Zero
a6CDo0000012LqSMAU,01tDo000000UZSRIA4,The Blue Book - Alpha Listing,Advertising,a6ADo000000snZqMAI,Zero
a6CDo0000012LqTMAU,01tDo000000UZSRIA4,The Blue Book - Alpha Listing,Advertising,a6ADo000000snZqMAI,Zero
a6CDo0000012LqUMAU,01tDo000000UZSRIA4,The Blue Book - Alpha Listing,Advertising,a6ADo000000snZqMAI,Zero
a6CDo0000012LqVMAU,01tDo000000UZSRIA4,The Blue Book - Alpha Listing,Advertising,a6ADo000000snZqMAI,Zero
a6CDo0000012LqWMAU,01tDo000000UZSRIA4,The Blue Book - Alpha Listing,Advertising,a6ADo000000snZqMAI,Zero
a6CDo0000012LqXMAU,01tDo000000UZSRIA4,The Blue Book - Alpha Listing,Advertising,a6ADo000000snZqMAI,Zero
a6CDo0000012LqYMAU,01tDo000000UZSRIA4,The Blue Book - Alpha Listing,Advertising,a6ADo000000snZqMAI,Zero
a6CDo0000012LqZMAU,01tDo000000UZSRIA4,The Blue Book - Alpha Listing,Advertising,a6ADo000000snZqMAI,Zero
a6CDo0000012LqaMAE,01tDo000000UZSRIA4,The Blue Book - Alpha Listing,Advertising,a6ADo000000snZqMAI,Zero
a6CDo0000012LqbMAE,01tDo000000UZSRIA4,The Blue Book - Alpha Listing,Advertising,a6ADo000000snZqMAI,Zero
a6CDo0000012LqnMAE,01tDo000000UZSRIA4,The Blue Book - Alpha Listing,Advertising,a6ADo000000snZqMAI,Zero
a6CDo0000012LqoMAE,01tDo000000UZSRIA4,The Blue Book - Alpha Listing,Advertising,a6ADo000000snZqMAI,Zero
a6CDo0000012LqpMAE,01tDo000000UZSRIA4,The Blue Book - Alpha Listing,Advertising,a6ADo000000snZqMAI,Zero
a6CDo0000012LqqMAE,01tDo000000UZSRIA4,The Blue Book - Alpha Listing,Advertising,a6ADo000000snZqMAI,Zero
a6CDo0000012LqrMAE,01tDo000000UZSRIA4,The Blue Book - Alpha Listing,Advertising,a6ADo000000snZqMAI,Zero
a6CDo0000012LqsMAE,01tDo000000UZSRIA4,The Blue Book - Alpha Listing,Advertising,a6ADo000000snZqMAI,Zero
a6CDo0000012LqtMAE,01tDo000000UZSRIA4,The Blue Book - Alpha Listing,Advertising,a6ADo000000snZqMAI,Zero
a6CDo0000012LquMAE,01tDo000000UZSRIA4,The Blue Book - Alpha Listing,Advertising,a6ADo000000snZqMAI,Zero
a6CDo0000012LqvMAE,01tDo000000UZSRIA4,The Blue Book - Alpha Listing,Advertising,a6ADo000000snZqMAI,Zero
a6CDo0000012LqwMAE,01tDo000000UZSRIA4,The Blue Book - Alpha Listing,Advertising,a6ADo000000snZqMAI,Zero
a6CDo0000012LqxMAE,01tDo000000UZSRIA4,The Blue Book - Alpha Listing,Advertising,a6ADo000000snZqMAI,Zero
a6CDo0000012LqyMAE,01tDo000000UZSRIA4,The Blue Book - Alpha Listing,Advertising,a6ADo000000snZqMAI,Zero
a6CDo0000012LqzMAE,01tDo000000UZSRIA4,The Blue Book - Alpha Listing,Advertising,a6ADo000000snZqMAI,Zero
a6CDo0000012Lr0MAE,01tDo000000UZSRIA4,The Blue Book - Alpha Listing,Advertising,a6ADo000000snZqMAI,Zero
a6CDo0000012Lr1MAE,01tDo000000UZSRIA4,The Blue Book - Alpha Listing,Advertising,a6ADo000000snZqMAI,Zero
a6CDo0000012Lr2MAE,01tDo000000UZSRIA4,The Blue Book - Alpha Listing,Advertising,a6ADo000000snZqMAI,Zero
a6CDo0000012Lr3MAE,01tDo000000UZSRIA4,The Blue Book - Alpha Listing,Advertising,a6ADo000000snZqMAI,Zero
a6CDo0000012Lr9MAE,01tDo000000UZSRIA4,The Blue Book - Alpha Listing,Advertising,a6ADo000000snZqMAI,Zero
a6CDo0000012LrAMAU,01tDo000000UZSRIA4,The Blue Book - Alpha Listing,Advertising,a6ADo000000snZqMAI,Zero
a6CDo0000012LrFMAU,01tDo000000UZSRIA4,The Blue Book - Alpha Listing,Advertising,a6ADo000000snZqMAI,Zero
a6CDo0000012LrHMAU,01tDo000000UZSRIA4,The Blue Book - Alpha Listing,Advertising,a6ADo000000snZqMAI,Zero
a6CDo0000012LrIMAU,01tDo000000UZSRIA4,The Blue Book - Alpha Listing,Advertising,a6ADo000000snZqMAI,Zero
a6CDo0000012LrKMAU,01tDo000000UZSRIA4,The Blue Book - Alpha Listing,Advertising,a6ADo000000snZqMAI,Zero
a6CDo0000012LrLMAU,01tDo000000UZSRIA4,The Blue Book - Alpha Listing,Advertising,a6ADo000000snZqMAI,Zero
a6CDo0000012LrMMAU,01tDo000000UZSRIA4,The Blue Book - Alpha Listing,Advertising,a6ADo000000snZqMAI,Zero
a6CDo0000012LrNMAU,01tDo000000UZSRIA4,The Blue Book - Alpha Listing,Advertising,a6ADo000000snZqMAI,Zero
a6CDo0000012LrOMAU,01tDo000000UZSRIA4,The Blue Book - Alpha Listing,Advertising,a6ADo000000snZqMAI,Zero
a6CDo0000012LrPMAU,01tDo000000UZSRIA4,The Blue Book - Alpha Listing,Advertising,a6ADo000000snZqMAI,Zero
a6CDo0000012LrTMAU,01tDo000000UZSRIA4,The Blue Book - Alpha Listing,Advertising,a6ADo000000snZqMAI,Zero
a6CDo0000012LrUMAU,01tDo000000UZSRIA4,The Blue Book - Alpha Listing,Advertising,a6ADo000000snZqMAI,Zero
a6CDo0000012LrbMAE,01tDo000000UZSRIA4,The Blue Book - Alpha Listing,Advertising,a6ADo000000snZqMAI,Zero
a6CDo0000012LrcMAE,01tDo000000UZSRIA4,The Blue Book - Alpha Listing,Advertising,a6ADo000000snZqMAI,Zero
a6CDo0000012LrdMAE,01tDo000000UZSRIA4,The Blue Book - Alpha Listing,Advertising,a6ADo000000snZqMAI,Zero
a6CDo0000012LreMAE,01tDo000000UZSRIA4,The Blue Book - Alpha Listing,Advertising,a6ADo000000snZqMAI,Zero
a6CDo0000012LrfMAE,01tDo000000UZSRIA4,The Blue Book - Alpha Listing,Advertising,a6ADo000000snZqMAI,Zero
a6CDo0000012LrgMAE,01tDo000000UZSRIA4,The Blue Book - Alpha Listing,Advertising,a6ADo000000snZqMAI,Zero
a6CDo0000012LrhMAE,01tDo000000UZSRIA4,The Blue Book - Alpha Listing,Advertising,a6ADo000000snZqMAI,Zero
a6CDo0000012LriMAE,01tDo000000UZSRIA4,The Blue Book - Alpha Listing,Advertising,a6ADo000000snZqMAI,Zero
a6CDo0000012LrjMAE,01tDo000000UZSRIA4,The Blue Book - Alpha Listing,Advertising,a6ADo000000snZqMAI,Zero
a6CDo0000012LrtMAE,01tDo000000UZSRIA4,The Blue Book - Alpha Listing,Advertising,a6ADo000000snZqMAI,Zero
a6CDo0000012LruMAE,01tDo000000UZSRIA4,The Blue Book - Alpha Listing,Advertising,a6ADo000000snZqMAI,Zero
a6CDo0000012LrvMAE,01tDo000000UZSRIA4,The Blue Book - Alpha Listing,Advertising,a6ADo000000snZqMAI,Zero
a6CDo0000012LrwMAE,01tDo000000UZSRIA4,The Blue Book - Alpha Listing,Advertising,a6ADo000000snZqMAI,Zero
a6CDo0000012LrxMAE,01tDo000000UZSRIA4,The Blue Book - Alpha Listing,Advertising,a6ADo000000snZqMAI,Zero
a6CDo0000012LryMAE,01tDo000000UZSRIA4,The Blue Book - Alpha Listing,Advertising,a6ADo000000snZqMAI,Zero
a6CDo0000012LrzMAE,01tDo000000UZSRIA4,The Blue Book - Alpha Listing,Advertising,a6ADo000000snZqMAI,Zero
a6CDo0000012Ls0MAE,01tDo000000UZSRIA4,The Blue Book - Alpha Listing,Advertising,a6ADo000000snZqMAI,Zero
a6CDo0000012Ls1MAE,01tDo000000UZSRIA4,The Blue Book - Alpha Listing,Advertising,a6ADo000000snZqMAI,Zero
a6CDo0000012Ls2MAE,01tDo000000UZSRIA4,The Blue Book - Alpha Listing,Advertising,a6ADo000000snZqMAI,Zero
a6CDo0000012Ls4MAE,01tDo000000UZSRIA4,The Blue Book - Alpha Listing,Advertising,a6ADo000000snZqMAI,Zero
a6CDo0000012Ls5MAE,01tDo000000UZSRIA4,The Blue Book - Alpha Listing,Advertising,a6ADo000000snZqMAI,Zero
a6CDo0000012LsBMAU,01tDo000000UZSRIA4,The Blue Book - Alpha Listing,Advertising,a6ADo000000snZqMAI,Zero
a6CDo0000012LsCMAU,01tDo000000UZSRIA4,The Blue Book - Alpha Listing,Advertising,a6ADo000000snZqMAI,Zero
a6CDo0000012LsDMAU,01tDo000000UZSRIA4,The Blue Book - Alpha Listing,Advertising,a6ADo000000snZqMAI,Zero
a6CDo0000012LsEMAU,01tDo000000UZSRIA4,The Blue Book - Alpha Listing,Advertising,a6ADo000000snZqMAI,Zero
a6CDo0000012LsFMAU,01tDo000000UZSRIA4,The Blue Book - Alpha Listing,Advertising,a6ADo000000snZqMAI,Zero
a6CDo0000012LsOMAU,01tDo000000UZSRIA4,The Blue Book - Alpha Listing,Advertising,a6ADo000000snZqMAI,Zero
a6CDo0000012LsVMAU,01tDo000000UZSRIA4,The Blue Book - Alpha Listing,Advertising,a6ADo000000snZqMAI,Zero
a6CDo0000012LsWMAU,01tDo000000UZSRIA4,The Blue Book - Alpha Listing,Advertising,a6ADo000000snZqMAI,Zero
a6CDo0000012LsXMAU,01tDo000000UZSRIA4,The Blue Book - Alpha Listing,Advertising,a6ADo000000snZqMAI,Zero
a6CDo0000012LsiMAE,01tDo000000UZSRIA4,The Blue Book - Alpha Listing,Advertising,a6ADo000000snZqMAI,Zero
a6CDo0000012LskMAE,01tDo000000UZSRIA4,The Blue Book - Alpha Listing,Advertising,a6ADo000000snZqMAI,Zero
a6CDo0000012LslMAE,01tDo000000UZSRIA4,The Blue Book - Alpha Listing,Advertising,a6ADo000000snZqMAI,Zero
a6CDo0000012LsoMAE,01tDo000000UZSRIA4,The Blue Book - Alpha Listing,Advertising,a6ADo000000snZqMAI,Zero
a6CDo0000012LspMAE,01tDo000000UZSRIA4,The Blue Book - Alpha Listing,Advertising,a6ADo000000snZqMAI,Zero
a6CDo0000012LsqMAE,01tDo000000UZSRIA4,The Blue Book - Alpha Listing,Advertising,a6ADo000000snZqMAI,Zero
a6CDo0000012LsvMAE,01tDo000000UZSRIA4,The Blue Book - Alpha Listing,Advertising,a6ADo000000snZqMAI,Zero
a6CDo0000012LswMAE,01tDo000000UZSRIA4,The Blue Book - Alpha Listing,Advertising,a6ADo000000snZqMAI,Zero
a6CDo0000012LsxMAE,01tDo000000UZSRIA4,The Blue Book - Alpha Listing,Advertising,a6ADo000000snZqMAI,Zero
a6CDo0000012LsyMAE,01tDo000000UZSRIA4,The Blue Book - Alpha Listing,Advertising,a6ADo000000snZqMAI,Zero
a6CDo0000012LszMAE,01tDo000000UZSRIA4,The Blue Book - Alpha Listing,Advertising,a6ADo000000snZqMAI,Zero
a6CDo0000012Lt0MAE,01tDo000000UZSRIA4,The Blue Book - Alpha Listing,Advertising,a6ADo000000snZqMAI,Zero
a6CDo0000012Lt1MAE,01tDo000000UZSRIA4,The Blue Book - Alpha Listing,Advertising,a6ADo000000snZqMAI,Zero
a6CDo0000012Lt3MAE,01tDo000000UZSRIA4,The Blue Book - Alpha Listing,Advertising,a6ADo000000snZqMAI,Zero
a6CDo0000012Lt4MAE,01tDo000000UZSRIA4,The Blue Book - Alpha Listing,Advertising,a6ADo000000snZqMAI,Zero
a6CDo0000012Lt6MAE,01tDo000000UZSRIA4,The Blue Book - Alpha Listing,Advertising,a6ADo000000snZqMAI,Zero
a6CDo0000012LtFMAU,01tDo000000UZSRIA4,The Blue Book - Alpha Listing,Advertising,a6ADo000000snZqMAI,Zero
a6CDo0000012LtIMAU,01tDo000000UZSRIA4,The Blue Book - Alpha Listing,Advertising,a6ADo000000snZqMAI,Zero
a6CDo0000012LtJMAU,01tDo000000UZSRIA4,The Blue Book - Alpha Listing,Advertising,a6ADo000000snZqMAI,Zero
a6CDo0000012LtQMAU,01tDo000000UZSRIA4,The Blue Book - Alpha Listing,Advertising,a6ADo000000snZqMAI,Zero
a6CDo0000012LtLMAU,01tDo000000UZSRIA4,The Blue Book - Alpha Listing,Advertising,a6ADo000000snZqMAI,Zero
a6CDo0000012LtMMAU,01tDo000000UZSRIA4,The Blue Book - Alpha Listing,Advertising,a6ADo000000snZqMAI,Zero
a6CDo0000012LtNMAU,01tDo000000UZSRIA4,The Blue Book - Alpha Listing,Advertising,a6ADo000000snZqMAI,Zero
a6CDo0000012LtOMAU,01tDo000000UZSRIA4,The Blue Book - Alpha Listing,Advertising,a6ADo000000snZqMAI,Zero
a6CDo0000012LtPMAU,01tDo000000UZSRIA4,The Blue Book - Alpha Listing,Advertising,a6ADo000000snZqMAI,Zero
a6CDo0000012LtKMAU,01tDo000000UZSRIA4,The Blue Book - Alpha Listing,Advertising,a6ADo000000snZqMAI,Zero
