Id,SBQQ__SubscriptionPricing__c
01tDo000000UaJ3IAK,Fixed Price
01tDo000000UaTlIAK,Fixed Price
01tDo000000UaNZIA0,Fixed Price
01tDo000000Ua3LIAS,Fixed Price
01tDo000000Ua0ZIAS,Fixed Price
01tDo000000Ua0cIAC,Fixed Price
01tDo000000UZjYIAW,Fixed Price
01tDo000000UZjzIAG,Fixed Price
01tDo000000Ua3xIAC,Fixed Price
01tDo000000UZmtIAG,Fixed Price
01tDo000000UZeiIAG,Fixed Price
01tDo000000UZqVIAW,Fixed Price
01tDo000000Ua62IAC,Fixed Price
01tDo000000Ua9lIAC,Fixed Price
01tDo000000Ua0MIAS,Fixed Price
01tDo000000UZdzIAG,Fixed Price
01tDo000000UZvMIAW,Fixed Price
01tDo000000Ua68IAC,Fixed Price
01tDo000000UZgCIAW,Fixed Price
01tDo000000UZjuIAG,Fixed Price
01tDo000000UZtlIAG,Fixed Price
01tDo000000UZnHIAW,Fixed Price
01tDo000000UaOhIAK,Fixed Price
01tDo000000UaNtIAK,Fixed Price
01tDo000000UaJTIA0,Fixed Price
01tDo000000UaJOIA0,Fixed Price
01tDo000000UaJ0IAK,Fixed Price
01tDo000000UaBIIA0,Fixed Price
01tDo000000Ua0vIAC,Fixed Price
01tDo000000Ua9HIAS,Fixed Price
01tDo000000UaLbIAK,Fixed Price
01tDo000000UZjoIAG,Fixed Price
01tDo000000UZenIAG,Fixed Price
01tDo000000UZxuIAG,Fixed Price
01tDo000000Ua6RIAS,Fixed Price
01tDo000000UaJCIA0,Fixed Price
01tDo000000UZibIAG,Fixed Price
01tDo000000UZiNIAW,Fixed Price
01tDo000000UaBRIA0,Fixed Price
01tDo000000UZaFIAW,Fixed Price
01tDo000000UZncIAG,Fixed Price
01tDo000000UZoUIAW,Fixed Price
01tDo000000UZokIAG,Fixed Price
01tDo000000UZomIAG,Fixed Price
01tDo000000UZvTIAW,Fixed Price
01tDo000000UZk9IAG,Fixed Price
01tDo000000UZlFIAW,Fixed Price
01tDo000000Ua8uIAC,Fixed Price
01tDo000000Ua0JIAS,Fixed Price
01tDo000000UaGcIAK,Fixed Price
01tDo000000UaJZIA0,Fixed Price
01tDo000000UaT3IAK,Fixed Price
01tDo000000UaOjIAK,Fixed Price
01tDo000000UZZiIAO,Fixed Price
01tDo000000UaTFIA0,Fixed Price
01tDo000000UZpEIAW,Fixed Price
01tDo000000UZjZIAW,Fixed Price
01tDo000000UaESIA0,Fixed Price
01tDo000000UaNGIA0,Fixed Price
01tDo000000UaNEIA0,Fixed Price
01tDo000000UaGeIAK,Fixed Price
01tDo000000UZeJIAW,Fixed Price
01tDo000000UZlEIAW,Fixed Price
01tDo000000UZxIIAW,Fixed Price
01tDo000000Ua3eIAC,Fixed Price
01tDo000000Ua96IAC,Fixed Price
01tDo000000UaBDIA0,Fixed Price
01tDo000000UZxcIAG,Fixed Price
01tDo000000Ua3GIAS,Fixed Price
01tDo000000UaEAIA0,Fixed Price
01tDo000000UZsZIAW,Fixed Price
01tDo000000UZdvIAG,Fixed Price
