Id,Amendment_Type__c,SBQQ__Amendment_Owner__c,auto+close_Cancellation__c,
800Do000000x91pIAA,Cancellation,005Do000000v14G
800Do000000x92BIAQ,Cancellation,005Do000000v14G
800Do000000x92MIAQ,Cancellation,005Do000000v14G
800Do000000x93MIAQ,Cancellation,005Do000000v14G
800Do000000x96wIAA,Cancellation,005Do000000v14G
800Do000000x9aEIAQ,Cancellation,005Do000000v14G
800Do000000x9bmIAA,Cancellation,005Do000000v14G
800Do000000x9CXIAY,Cancellation,005Do000000v14G
800Do000000x9D5IAI,Cancellation,005Do000000v14G
800Do000000x9DnIAI,Cancellation,005Do000000v14G
800Do000000x9DVIAY,Cancellation,005Do000000v14G
800Do000000x9EgIAI,Cancellation,005Do000000v14G
800Do000000x9EvIAI,Cancellation,005Do000000v14G
800Do000000x9F1IAI,Cancellation,005Do000000v14G
800Do000000x9fOIAQ,Cancellation,005Do000000v14G
800Do000000x9fpIAA,Cancellation,005Do000000v14G
800Do000000x9fqIAA,Cancellation,005Do000000v14G
800Do000000x9hyIAA,Cancellation,005Do000000v14G
800Do000000x9I3IAI,Cancellation,005Do000000v14G
800Do000000x9ICIAY,Cancellation,005Do000000v14G
800Do000000x9IMIAY,Cancellation,005Do000000v14G
800Do000000x9j9IAA,Cancellation,005Do000000v14G
800Do000000x9jZIAQ,Cancellation,005Do000000v14G
800Do000000x9k4IAA,Cancellation,005Do000000v14G
800Do000000x9OaIAI,Cancellation,005Do000000v14G
800Do000000x9OSIAY,Cancellation,005Do000000v14G
800Do000000x9OUIAY,Cancellation,005Do000000v14G
800Do000000x9OXIAY,Cancellation,005Do000000v14G
800Do000000x9PhIAI,Cancellation,005Do000000v14G
800Do000000x9qoIAA,Cancellation,005Do000000v14G
800Do000000x9rqIAA,Cancellation,005Do000000v14G
800Do000000x9rWIAQ,Cancellation,005Do000000v14G
800Do000000x9s9IAA,Cancellation,005Do000000v14G
800Do000000x9srIAA,Cancellation,005Do000000v14G
800Do000000x9uiIAA,Cancellation,005Do000000v14G
800Do000000x9uTIAQ,Cancellation,005Do000000v14G
800Do000000x9uvIAA,Cancellation,005Do000000v14G
800Do000000x9UxIAI,Cancellation,005Do000000v14G
800Do000000x9uyIAA,Cancellation,005Do000000v14G
800Do000000x9vUIAQ,Cancellation,005Do000000v14G
800Do000000x9vzIAA,Cancellation,005Do000000v14G
800Do000000x9wkIAA,Cancellation,005Do000000v14G
800Do000000x9wsIAA,Cancellation,005Do000000v14G
800Do000000x9x2IAA,Cancellation,005Do000000v14G
800Do000000xA0OIAU,Cancellation,005Do000000v14G
800Do000000xA29IAE,Cancellation,005Do000000v14G
800Do000000xA2CIAU,Cancellation,005Do000000v14G
800Do000000xA2nIAE,Cancellation,005Do000000v14G
800Do000000xA6OIAU,Cancellation,005Do000000v14G
800Do000000xA87IAE,Cancellation,005Do000000v14G
800Do000000xA8kIAE,Cancellation,005Do000000v14G
800Do000000xA8oIAE,Cancellation,005Do000000v14G
800Do000000xA90IAE,Cancellation,005Do000000v14G
800Do000000xACZIA2,Cancellation,005Do000000v14G
800Do000000xADeIAM,Cancellation,005Do000000v14G
800Do000000xAdmIAE,Cancellation,005Do000000v14G
800Do000000xADOIA2,Cancellation,005Do000000v14G
800Do000000xADwIAM,Cancellation,005Do000000v14G
800Do000000xADyIAM,Cancellation,005Do000000v14G
800Do000000xAf0IAE,Cancellation,005Do000000v14G
800Do000000xAfwIAE,Cancellation,005Do000000v14G
800Do000000xAg3IAE,Cancellation,005Do000000v14G
800Do000000xAg9IAE,Cancellation,005Do000000v14G
800Do000000xAgCIAU,Cancellation,005Do000000v14G
800Do000000xAihIAE,Cancellation,005Do000000v14G
800Do000000xAiYIAU,Cancellation,005Do000000v14G
800Do000000xAj8IAE,Cancellation,005Do000000v14G
800Do000000xAj9IAE,Cancellation,005Do000000v14G
800Do000000xAJpIAM,Cancellation,005Do000000v14G
800Do000000xAJtIAM,Cancellation,005Do000000v14G
800Do000000xAJxIAM,Cancellation,005Do000000v14G
800Do000000xAJYIA2,Cancellation,005Do000000v14G
800Do000000xAK3IAM,Cancellation,005Do000000v14G
800Do000000xAkhIAE,Cancellation,005Do000000v14G
800Do000000xAkJIAU,Cancellation,005Do000000v14G
800Do000000xAknIAE,Cancellation,005Do000000v14G
800Do000000xAkrIAE,Cancellation,005Do000000v14G
800Do000000xAlBIAU,Cancellation,005Do000000v14G
800Do000000xAN5IAM,Cancellation,005Do000000v14G
800Do000000xANwIAM,Cancellation,005Do000000v14G
800Do000000xAOOIA2,Cancellation,005Do000000v14G
800Do000000xAotIAE,Cancellation,005Do000000v14G
800Do000000xAouIAE,Cancellation,005Do000000v14G
800Do000000xAoxIAE,Cancellation,005Do000000v14G
800Do000000xApJIAU,Cancellation,005Do000000v14G
800Do000000xApLIAU,Cancellation,005Do000000v14G
800Do000000xArDIAU,Cancellation,005Do000000v14G
800Do000000xAtCIAU,Cancellation,005Do000000v14G
800Do000000xATdIAM,Cancellation,005Do000000v14G
800Do000000xAtKIAU,Cancellation,005Do000000v14G
800Do000000xAtLIAU,Cancellation,005Do000000v14G
800Do000000xAtVIAU,Cancellation,005Do000000v14G
800Do000000xAu3IAE,Cancellation,005Do000000v14G
800Do000000xAu7IAE,Cancellation,005Do000000v14G
800Do000000xAuaIAE,Cancellation,005Do000000v14G
800Do000000xAurIAE,Cancellation,005Do000000v14G
800Do000000xAUvIAM,Cancellation,005Do000000v14G
800Do000000xAuzIAE,Cancellation,005Do000000v14G
800Do000000xAv6IAE,Cancellation,005Do000000v14G
800Do000000xAvAIAU,Cancellation,005Do000000v14G
800Do000000xAVDIA2,Cancellation,005Do000000v14G
800Do000000xAXfIAM,Cancellation,005Do000000v14G
800Do000000xAXYIA2,Cancellation,005Do000000v14G
800Do000000xAYVIA2,Cancellation,005Do000000v14G
800Do000000xAzgIAE,Cancellation,005Do000000v14G
800Do000000xAZgIAM,Cancellation,005Do000000v14G
800Do000000xAzjIAE,Cancellation,005Do000000v14G
800Do000000xAZSIA2,Cancellation,005Do000000v14G
800Do000000xAZsIAM,Cancellation,005Do000000v14G
800Do000000xB0oIAE,Cancellation,005Do000000v14G
800Do000000xB1ZIAU,Cancellation,005Do000000v14G
800Do000000xB24IAE,Cancellation,005Do000000v14G
800Do000000xB4aIAE,Cancellation,005Do000000v14G
800Do000000xB4jIAE,Cancellation,005Do000000v14G
800Do000000xB4UIAU,Cancellation,005Do000000v14G
800Do000000xB5CIAU,Cancellation,005Do000000v14G
800Do000000xB5IIAU,Cancellation,005Do000000v14G
800Do000000xB5KIAU,Cancellation,005Do000000v14G
800Do000000xB65IAE,Cancellation,005Do000000v14G
800Do000000xB6dIAE,Cancellation,005Do000000v14G
800Do000000xB6fIAE,Cancellation,005Do000000v14G
800Do000000xBBeIAM,Cancellation,005Do000000v14G
800Do000000xBC4IAM,Cancellation,005Do000000v14G
800Do000000xBCFIA2,Cancellation,005Do000000v14G
800Do000000xBcmIAE,Cancellation,005Do000000v14G
800Do000000xBCTIA2,Cancellation,005Do000000v14G
800Do000000xBCtIAM,Cancellation,005Do000000v14G
800Do000000xBcvIAE,Cancellation,005Do000000v14G
800Do000000xBCYIA2,Cancellation,005Do000000v14G
800Do000000xBCyIAM,Cancellation,005Do000000v14G
800Do000000xBd4IAE,Cancellation,005Do000000v14G
800Do000000xBd5IAE,Cancellation,005Do000000v14G
800Do000000xBD6IAM,Cancellation,005Do000000v14G
800Do000000xBdvIAE,Cancellation,005Do000000v14G
800Do000000xBdZIAU,Cancellation,005Do000000v14G
800Do000000xBebIAE,Cancellation,005Do000000v14G
800Do000000xBeBIAU,Cancellation,005Do000000v14G
800Do000000xBeMIAU,Cancellation,005Do000000v14G
800Do000000xBeOIAU,Cancellation,005Do000000v14G
800Do000000xBEwIAM,Cancellation,005Do000000v14G
800Do000000xBeWIAU,Cancellation,005Do000000v14G
800Do000000xBf0IAE,Cancellation,005Do000000v14G
800Do000000xBfAIAU,Cancellation,005Do000000v14G
800Do000000xBFgIAM,Cancellation,005Do000000v14G
800Do000000xBFtIAM,Cancellation,005Do000000v14G
800Do000000xBFwIAM,Cancellation,005Do000000v14G
800Do000000xBGKIA2,Cancellation,005Do000000v14G
800Do000000xBGWIA2,Cancellation,005Do000000v14G
800Do000000xBGzIAM,Cancellation,005Do000000v14G
800Do000000xBH2IAM,Cancellation,005Do000000v14G
800Do000000xBH6IAM,Cancellation,005Do000000v14G
800Do000000xBhgIAE,Cancellation,005Do000000v14G
800Do000000xBHgIAM,Cancellation,005Do000000v14G
800Do000000xBHmIAM,Cancellation,005Do000000v14G
800Do000000xBhpIAE,Cancellation,005Do000000v14G
800Do000000xBhQIAU,Cancellation,005Do000000v14G
800Do000000xBHSIA2,Cancellation,005Do000000v14G
800Do000000xBhsIAE,Cancellation,005Do000000v14G
800Do000000xBHUIA2,Cancellation,005Do000000v14G
800Do000000xBi4IAE,Cancellation,005Do000000v14G
800Do000000xBi9IAE,Cancellation,005Do000000v14G
800Do000000xBiBIAU,Cancellation,005Do000000v14G
800Do000000xBicIAE,Cancellation,005Do000000v14G
800Do000000xBieIAE,Cancellation,005Do000000v14G
800Do000000xBiQIAU,Cancellation,005Do000000v14G
800Do000000xBiSIAU,Cancellation,005Do000000v14G
800Do000000xBiWIAU,Cancellation,005Do000000v14G
800Do000000xBj7IAE,Cancellation,005Do000000v14G
800Do000000xBj8IAE,Cancellation,005Do000000v14G
800Do000000xBjEIAU,Cancellation,005Do000000v14G
800Do000000xBjUIAU,Cancellation,005Do000000v14G
800Do000000xBjWIAU,Cancellation,005Do000000v14G
800Do000000xBM0IAM,Cancellation,005Do000000v14G
800Do000000xBMqIAM,Cancellation,005Do000000v14G
800Do000000xBMSIA2,Cancellation,005Do000000v14G
800Do000000xBMUIA2,Cancellation,005Do000000v14G
800Do000000xBN0IAM,Cancellation,005Do000000v14G
800Do000000xBN2IAM,Cancellation,005Do000000v14G
800Do000000xBN7IAM,Cancellation,005Do000000v14G
800Do000000xBNHIA2,Cancellation,005Do000000v14G
800Do000000xBnnIAE,Cancellation,005Do000000v14G
800Do000000xBNRIA2,Cancellation,005Do000000v14G
800Do000000xBNwIAM,Cancellation,005Do000000v14G
800Do000000xBo4IAE,Cancellation,005Do000000v14G
800Do000000xBOaIAM,Cancellation,005Do000000v14G
800Do000000xBocIAE,Cancellation,005Do000000v14G
800Do000000xBoCIAU,Cancellation,005Do000000v14G
800Do000000xBodIAE,Cancellation,005Do000000v14G
800Do000000xBoEIAU,Cancellation,005Do000000v14G
800Do000000xBofIAE,Cancellation,005Do000000v14G
800Do000000xBoiIAE,Cancellation,005Do000000v14G
800Do000000xBoNIAU,Cancellation,005Do000000v14G
800Do000000xBoOIAU,Cancellation,005Do000000v14G
800Do000000xBOQIA2,Cancellation,005Do000000v14G
800Do000000xBoRIAU,Cancellation,005Do000000v14G
800Do000000xBp9IAE,Cancellation,005Do000000v14G
800Do000000xBpBIAU,Cancellation,005Do000000v14G
800Do000000xBpdIAE,Cancellation,005Do000000v14G
800Do000000xBpFIAU,Cancellation,005Do000000v14G
800Do000000xBpiIAE,Cancellation,005Do000000v14G
800Do000000xBpJIAU,Cancellation,005Do000000v14G
800Do000000xBplIAE,Cancellation,005Do000000v14G
800Do000000xBpmIAE,Cancellation,005Do000000v14G
800Do000000xBpqIAE,Cancellation,005Do000000v14G
800Do000000xBpQIAU,Cancellation,005Do000000v14G
800Do000000xBprIAE,Cancellation,005Do000000v14G
800Do000000xBpRIAU,Cancellation,005Do000000v14G
800Do000000xBq0IAE,Cancellation,005Do000000v14G
800Do000000xBq1IAE,Cancellation,005Do000000v14G
800Do000000xBq2IAE,Cancellation,005Do000000v14G
800Do000000xBq7IAE,Cancellation,005Do000000v14G
800Do000000xBqDIAU,Cancellation,005Do000000v14G
800Do000000xBqEIAU,Cancellation,005Do000000v14G
800Do000000xBqFIAU,Cancellation,005Do000000v14G
800Do000000xBREIA2,Cancellation,005Do000000v14G
800Do000000xBRhIAM,Cancellation,005Do000000v14G
800Do000000xBRMIA2,Cancellation,005Do000000v14G
800Do000000xBrvIAE,Cancellation,005Do000000v14G
800Do000000xBRXIA2,Cancellation,005Do000000v14G
800Do000000xBryIAE,Cancellation,005Do000000v14G
800Do000000xBS9IAM,Cancellation,005Do000000v14G
800Do000000xBSJIA2,Cancellation,005Do000000v14G
800Do000000xBSsIAM,Cancellation,005Do000000v14G
800Do000000xBsyIAE,Cancellation,005Do000000v14G
800Do000000xBSZIA2,Cancellation,005Do000000v14G
800Do000000xBszIAE,Cancellation,005Do000000v14G
800Do000000xBT0IAM,Cancellation,005Do000000v14G
800Do000000xBT8IAM,Cancellation,005Do000000v14G
800Do000000xBTAIA2,Cancellation,005Do000000v14G
800Do000000xBtGIAU,Cancellation,005Do000000v14G
800Do000000xBtmIAE,Cancellation,005Do000000v14G
800Do000000xBtpIAE,Cancellation,005Do000000v14G
800Do000000xBTQIA2,Cancellation,005Do000000v14G
800Do000000xBtvIAE,Cancellation,005Do000000v14G
800Do000000xBuDIAU,Cancellation,005Do000000v14G
800Do000000xBuHIAU,Cancellation,005Do000000v14G
800Do000000xBuJIAU,Cancellation,005Do000000v14G
800Do000000xBuMIAU,Cancellation,005Do000000v14G
800Do000000xBuTIAU,Cancellation,005Do000000v14G
800Do000000xBX1IAM,Cancellation,005Do000000v14G
800Do000000xBXeIAM,Cancellation,005Do000000v14G
800Do000000xBXYIA2,Cancellation,005Do000000v14G
800Do000000xBY5IAM,Cancellation,005Do000000v14G
800Do000000xBY8IAM,Cancellation,005Do000000v14G
800Do000000xBYfIAM,Cancellation,005Do000000v14G
800Do000000xByLIAU,Cancellation,005Do000000v14G
800Do000000xBYoIAM,Cancellation,005Do000000v14G
800Do000000xByzIAE,Cancellation,005Do000000v14G
800Do000000xBz7IAE,Cancellation,005Do000000v14G
800Do000000xBz8IAE,Cancellation,005Do000000v14G
800Do000000xBZ8IAM,Cancellation,005Do000000v14G
800Do000000xBzdIAE,Cancellation,005Do000000v14G
800Do000000xBzeIAE,Cancellation,005Do000000v14G
800Do000000xBzLIAU,Cancellation,005Do000000v14G
800Do000000xBzNIAU,Cancellation,005Do000000v14G
800Do000000xBzpIAE,Cancellation,005Do000000v14G
800Do000000xBzPIAU,Cancellation,005Do000000v14G
800Do000000xBzSIAU,Cancellation,005Do000000v14G
800Do000000xBzYIAU,Cancellation,005Do000000v14G
800Do000000xC00IAE,Cancellation,005Do000000v14G
800Do000000xC07IAE,Cancellation,005Do000000v14G
800Do000000xC0dIAE,Cancellation,005Do000000v14G
800Do000000xC0EIAU,Cancellation,005Do000000v14G
800Do000000xC0GIAU,Cancellation,005Do000000v14G
800Do000000xC0jIAE,Cancellation,005Do000000v14G
800Do000000xC0PIAU,Cancellation,005Do000000v14G
800Do000000xC0rIAE,Cancellation,005Do000000v14G
800Do000000xC14IAE,Cancellation,005Do000000v14G
800Do000000xC1aIAE,Cancellation,005Do000000v14G
800Do000000xC1bIAE,Cancellation,005Do000000v14G
800Do000000xC1cIAE,Cancellation,005Do000000v14G
800Do000000xC1CIAU,Cancellation,005Do000000v14G
800Do000000xC1eIAE,Cancellation,005Do000000v14G
800Do000000xC1NIAU,Cancellation,005Do000000v14G
800Do000000xC1TIAU,Cancellation,005Do000000v14G
800Do000000xC1ZIAU,Cancellation,005Do000000v14G
800Do000000xC34IAE,Cancellation,005Do000000v14G
800Do000000xC3EIAU,Cancellation,005Do000000v14G
800Do000000xC3NIAU,Cancellation,005Do000000v14G
800Do000000xC4fIAE,Cancellation,005Do000000v14G
800Do000000xC4KIAU,Cancellation,005Do000000v14G
800Do000000xC4lIAE,Cancellation,005Do000000v14G
800Do000000xC4pIAE,Cancellation,005Do000000v14G
800Do000000xC4UIAU,Cancellation,005Do000000v14G
800Do000000xC53IAE,Cancellation,005Do000000v14G
800Do000000xC54IAE,Cancellation,005Do000000v14G
800Do000000xC5GIAU,Cancellation,005Do000000v14G
800Do000000xC5HIAU,Cancellation,005Do000000v14G
800Do000000xC5iIAE,Cancellation,005Do000000v14G
800Do000000xC5IIAU,Cancellation,005Do000000v14G
800Do000000xC5OIAU,Cancellation,005Do000000v14G
800Do000000xC9cIAE,Cancellation,005Do000000v14G
800Do000000xC9eIAE,Cancellation,005Do000000v14G
800Do000000xC9hIAE,Cancellation,005Do000000v14G
800Do000000xC9iIAE,Cancellation,005Do000000v14G
800Do000000xC9lIAE,Cancellation,005Do000000v14G
800Do000000xC9sIAE,Cancellation,005Do000000v14G
800Do000000xC9yIAE,Cancellation,005Do000000v14G
800Do000000xCA5IAM,Cancellation,005Do000000v14G
800Do000000xCA9IAM,Cancellation,005Do000000v14G
800Do000000xCAaIAM,Cancellation,005Do000000v14G
800Do000000xCABIA2,Cancellation,005Do000000v14G
800Do000000xCAcIAM,Cancellation,005Do000000v14G
800Do000000xCAfIAM,Cancellation,005Do000000v14G
800Do000000xCALIA2,Cancellation,005Do000000v14G
800Do000000xCAnIAM,Cancellation,005Do000000v14G
800Do000000xCaoIAE,Cancellation,005Do000000v14G
800Do000000xCAoIAM,Cancellation,005Do000000v14G
800Do000000xCapIAE,Cancellation,005Do000000v14G
800Do000000xCaqIAE,Cancellation,005Do000000v14G
800Do000000xCarIAE,Cancellation,005Do000000v14G
800Do000000xCAsIAM,Cancellation,005Do000000v14G
800Do000000xCavIAE,Cancellation,005Do000000v14G
800Do000000xCAxIAM,Cancellation,005Do000000v14G
800Do000000xCayIAE,Cancellation,005Do000000v14G
800Do000000xCAyIAM,Cancellation,005Do000000v14G
800Do000000xCB0IAM,Cancellation,005Do000000v14G
800Do000000xCb3IAE,Cancellation,005Do000000v14G
800Do000000xCb7IAE,Cancellation,005Do000000v14G
800Do000000xCBBIA2,Cancellation,005Do000000v14G
800Do000000xCbbIAE,Cancellation,005Do000000v14G
800Do000000xCBDIA2,Cancellation,005Do000000v14G
800Do000000xCBeIAM,Cancellation,005Do000000v14G
800Do000000xCBFIA2,Cancellation,005Do000000v14G
800Do000000xCbFIAU,Cancellation,005Do000000v14G
800Do000000xCBIIA2,Cancellation,005Do000000v14G
800Do000000xCBLIA2,Cancellation,005Do000000v14G
800Do000000xCBMIA2,Cancellation,005Do000000v14G
800Do000000xCbNIAU,Cancellation,005Do000000v14G
800Do000000xCBoIAM,Cancellation,005Do000000v14G
800Do000000xCbqIAE,Cancellation,005Do000000v14G
800Do000000xCbvIAE,Cancellation,005Do000000v14G
800Do000000xCbwIAE,Cancellation,005Do000000v14G
800Do000000xCbYIAU,Cancellation,005Do000000v14G
800Do000000xCC2IAM,Cancellation,005Do000000v14G
800Do000000xCc4IAE,Cancellation,005Do000000v14G
800Do000000xCc8IAE,Cancellation,005Do000000v14G
800Do000000xCCCIA2,Cancellation,005Do000000v14G
800Do000000xCceIAE,Cancellation,005Do000000v14G
800Do000000xCcIIAU,Cancellation,005Do000000v14G
800Do000000xCckIAE,Cancellation,005Do000000v14G
800Do000000xCcpIAE,Cancellation,005Do000000v14G
800Do000000xCcPIAU,Cancellation,005Do000000v14G
800Do000000xCcQIAU,Cancellation,005Do000000v14G
800Do000000xCcrIAE,Cancellation,005Do000000v14G
800Do000000xCcUIAU,Cancellation,005Do000000v14G
800Do000000xCcwIAE,Cancellation,005Do000000v14G
800Do000000xCcYIAU,Cancellation,005Do000000v14G
800Do000000xCd5IAE,Cancellation,005Do000000v14G
800Do000000xCd7IAE,Cancellation,005Do000000v14G
800Do000000xCdHIAU,Cancellation,005Do000000v14G
800Do000000xCEmIAM,Cancellation,005Do000000v14G
800Do000000xCF4IAM,Cancellation,005Do000000v14G
800Do000000xCFfIAM,Cancellation,005Do000000v14G
800Do000000xCFnIAM,Cancellation,005Do000000v14G
800Do000000xCFzIAM,Cancellation,005Do000000v14G
800Do000000xCG5IAM,Cancellation,005Do000000v14G
800Do000000xCGAIA2,Cancellation,005Do000000v14G
800Do000000xCGeIAM,Cancellation,005Do000000v14G
800Do000000xCGQIA2,Cancellation,005Do000000v14G
800Do000000xCGqIAM,Cancellation,005Do000000v14G
800Do000000xCGrIAM,Cancellation,005Do000000v14G
800Do000000xCGVIA2,Cancellation,005Do000000v14G
800Do000000xCH7IAM,Cancellation,005Do000000v14G
800Do000000xCihIAE,Cancellation,005Do000000v14G
800Do000000xCiKIAU,Cancellation,005Do000000v14G
800Do000000xCmbIAE,Cancellation,005Do000000v14G
800Do000000xCmFIAU,Cancellation,005Do000000v14G
800Do000000xCmGIAU,Cancellation,005Do000000v14G
800Do000000xCmLIAU,Cancellation,005Do000000v14G
800Do000000xCmMIAU,Cancellation,005Do000000v14G
800Do000000xCmoIAE,Cancellation,005Do000000v14G
800Do000000xCmOIAU,Cancellation,005Do000000v14G
800Do000000xCPkIAM,Cancellation,005Do000000v14G
800Do000000xCPXIA2,Cancellation,005Do000000v14G
800Do000000xCPzIAM,Cancellation,005Do000000v14G
800Do000000xCQ3IAM,Cancellation,005Do000000v14G
800Do000000xCQ4IAM,Cancellation,005Do000000v14G
800Do000000xCQ5IAM,Cancellation,005Do000000v14G
800Do000000xCQgIAM,Cancellation,005Do000000v14G
800Do000000xCQhIAM,Cancellation,005Do000000v14G
800Do000000xCQKIA2,Cancellation,005Do000000v14G
800Do000000xCQqIAM,Cancellation,005Do000000v14G
800Do000000xCQrIAM,Cancellation,005Do000000v14G
800Do000000xCQTIA2,Cancellation,005Do000000v14G
800Do000000xCQvIAM,Cancellation,005Do000000v14G
800Do000000xCRfIAM,Cancellation,005Do000000v14G
800Do000000xCRGIA2,Cancellation,005Do000000v14G
800Do000000xCRPIA2,Cancellation,005Do000000v14G
800Do000000xCRxIAM,Cancellation,005Do000000v14G
800Do000000xCRzIAM,Cancellation,005Do000000v14G
800Do000000xCS3IAM,Cancellation,005Do000000v14G
800Do000000xCS5IAM,Cancellation,005Do000000v14G
800Do000000xCS6IAM,Cancellation,005Do000000v14G
800Do000000xCSBIA2,Cancellation,005Do000000v14G
800Do000000xCsoIAE,Cancellation,005Do000000v14G
800Do000000xCsSIAU,Cancellation,005Do000000v14G
800Do000000xCylIAE,Cancellation,005Do000000v14G
800Do000000xD4FIAU,Cancellation,005Do000000v14G
800Do000000xD4TIAU,Cancellation,005Do000000v14G
800Do000000xD5NIAU,Cancellation,005Do000000v14G
800Do000000xD9eIAE,Cancellation,005Do000000v14G
800Do000000xD9XIAU,Cancellation,005Do000000v14G
800Do000000xDA6IAM,Cancellation,005Do000000v14G
800Do000000xDchIAE,Cancellation,005Do000000v14G
800Do000000xDdjIAE,Cancellation,005Do000000v14G
800Do000000xDdvIAE,Cancellation,005Do000000v14G
800Do000000xDehIAE,Cancellation,005Do000000v14G
800Do000000xDEoIAM,Cancellation,005Do000000v14G
800Do000000xDeqIAE,Cancellation,005Do000000v14G
800Do000000xDFOIA2,Cancellation,005Do000000v14G
800Do000000xDfvIAE,Cancellation,005Do000000v14G
800Do000000xDH8IAM,Cancellation,005Do000000v14G
800Do000000xDHAIA2,Cancellation,005Do000000v14G
800Do000000xDhUIAU,Cancellation,005Do000000v14G
800Do000000xDKDIA2,Cancellation,005Do000000v14G
800Do000000xDobIAE,Cancellation,005Do000000v14G
800Do000000xDoFIAU,Cancellation,005Do000000v14G
800Do000000xDosIAE,Cancellation,005Do000000v14G
800Do000000xDQbIAM,Cancellation,005Do000000v14G
800Do000000xDqDIAU,Cancellation,005Do000000v14G
800Do000000xDQuIAM,Cancellation,005Do000000v14G
800Do000000xDRkIAM,Cancellation,005Do000000v14G
800Do000000xDsKIAU,Cancellation,005Do000000v14G
800Do000000xDsLIAU,Cancellation,005Do000000v14G
800Do000000xDSrIAM,Cancellation,005Do000000v14G
800Do000000xDTbIAM,Cancellation,005Do000000v14G
800Do000000xDULIA2,Cancellation,005Do000000v14G
800Do000000xDUyIAM,Cancellation,005Do000000v14G
800Do000000xDW1IAM,Cancellation,005Do000000v14G
800Do000000xDWBIA2,Cancellation,005Do000000v14G
800Do000000xDyYIAU,Cancellation,005Do000000v14G
800Do000000xE1sIAE,Cancellation,005Do000000v14G
800Do000000xE2aIAE,Cancellation,005Do000000v14G
800Do000000xE2DIAU,Cancellation,005Do000000v14G
800Do000000xE2iIAE,Cancellation,005Do000000v14G
800Do000000xE39IAE,Cancellation,005Do000000v14G
800Do000000xE3OIAU,Cancellation,005Do000000v14G
800Do000000xE3ZIAU,Cancellation,005Do000000v14G
800Do000000xE9pIAE,Cancellation,005Do000000v14G
800Do000000xEA3IAM,Cancellation,005Do000000v14G
800Do000000xEalIAE,Cancellation,005Do000000v14G
800Do000000xEaMIAU,Cancellation,005Do000000v14G
800Do000000xEBbIAM,Cancellation,005Do000000v14G
800Do000000xEBeIAM,Cancellation,005Do000000v14G
800Do000000xEBOIA2,Cancellation,005Do000000v14G
800Do000000xEBPIA2,Cancellation,005Do000000v14G
800Do000000xECJIA2,Cancellation,005Do000000v14G
800Do000000xECxIAM,Cancellation,005Do000000v14G
800Do000000xEDCIA2,Cancellation,005Do000000v14G
800Do000000xEDQIA2,Cancellation,005Do000000v14G
800Do000000xEDZIA2,Cancellation,005Do000000v14G
800Do000000xEE7IAM,Cancellation,005Do000000v14G
800Do000000xEEiIAM,Cancellation,005Do000000v14G
800Do000000xEguIAE,Cancellation,005Do000000v14G
800Do000000xEgZIAU,Cancellation,005Do000000v14G
800Do000000xEhlIAE,Cancellation,005Do000000v14G
800Do000000xEhMIAU,Cancellation,005Do000000v14G
800Do000000xEhyIAE,Cancellation,005Do000000v14G
800Do000000xEieIAE,Cancellation,005Do000000v14G
800Do000000xEiGIAU,Cancellation,005Do000000v14G
800Do000000xEiLIAU,Cancellation,005Do000000v14G
800Do000000xEipIAE,Cancellation,005Do000000v14G
800Do000000xEjNIAU,Cancellation,005Do000000v14G
800Do000000xEjVIAU,Cancellation,005Do000000v14G
800Do000000xEKiIAM,Cancellation,005Do000000v14G
800Do000000xEKkIAM,Cancellation,005Do000000v14G
800Do000000xEksIAE,Cancellation,005Do000000v14G
800Do000000xEKtIAM,Cancellation,005Do000000v14G
800Do000000xEL7IAM,Cancellation,005Do000000v14G
800Do000000xELoIAM,Cancellation,005Do000000v14G
800Do000000xElSIAU,Cancellation,005Do000000v14G
800Do000000xELuIAM,Cancellation,005Do000000v14G
800Do000000xEm8IAE,Cancellation,005Do000000v14G
800Do000000xEM8IAM,Cancellation,005Do000000v14G
800Do000000xEMbIAM,Cancellation,005Do000000v14G
800Do000000xEMlIAM,Cancellation,005Do000000v14G
800Do000000xEMuIAM,Cancellation,005Do000000v14G
800Do000000xEO3IAM,Cancellation,005Do000000v14G
800Do000000xEOHIA2,Cancellation,005Do000000v14G
800Do000000xEOPIA2,Cancellation,005Do000000v14G
800Do000000xEPAIA2,Cancellation,005Do000000v14G
800Do000000xEPbIAM,Cancellation,005Do000000v14G
800Do000000xEsMIAU,Cancellation,005Do000000v14G
800Do000000xEsXIAU,Cancellation,005Do000000v14G
800Do000000xEt5IAE,Cancellation,005Do000000v14G
800Do000000xEuyIAE,Cancellation,005Do000000v14G
800Do000000xEvaIAE,Cancellation,005Do000000v14G
800Do000000xEVsIAM,Cancellation,005Do000000v14G
800Do000000xEw7IAE,Cancellation,005Do000000v14G
800Do000000xEwcIAE,Cancellation,005Do000000v14G
800Do000000xEwjIAE,Cancellation,005Do000000v14G
800Do000000xEwKIAU,Cancellation,005Do000000v14G
800Do000000xEXfIAM,Cancellation,005Do000000v14G
800Do000000xEYRIA2,Cancellation,005Do000000v14G
800Do000000xEZqIAM,Cancellation,005Do000000v14G
800Do000000xEZtIAM,Cancellation,005Do000000v14G
800Do000000xF3fIAE,Cancellation,005Do000000v14G
800Do000000xF3IIAU,Cancellation,005Do000000v14G
800Do000000xF3lIAE,Cancellation,005Do000000v14G
800Do000000xF5lIAE,Cancellation,005Do000000v14G
800Do000000xF5PIAU,Cancellation,005Do000000v14G
800Do000000xF63IAE,Cancellation,005Do000000v14G
800Do000000xF6gIAE,Cancellation,005Do000000v14G
800Do000000xF6nIAE,Cancellation,005Do000000v14G
800Do000000xF6NIAU,Cancellation,005Do000000v14G
800Do000000xF6PIAU,Cancellation,005Do000000v14G
800Do000000xF6SIAU,Cancellation,005Do000000v14G
800Do000000xF72IAE,Cancellation,005Do000000v14G
800Do000000xF7aIAE,Cancellation,005Do000000v14G
800Do000000xF7PIAU,Cancellation,005Do000000v14G
800Do000000xF7RIAU,Cancellation,005Do000000v14G
800Do000000xF7SIAU,Cancellation,005Do000000v14G
800Do000000xFaFIAU,Cancellation,005Do000000v14G
800Do000000xFamIAE,Cancellation,005Do000000v14G
800Do000000xFbEIAU,Cancellation,005Do000000v14G
800Do000000xFbhIAE,Cancellation,005Do000000v14G
800Do000000xFd3IAE,Cancellation,005Do000000v14G
800Do000000xFDaIAM,Cancellation,005Do000000v14G
800Do000000xFdAIAU,Cancellation,005Do000000v14G
800Do000000xFdeIAE,Cancellation,005Do000000v14G
800Do000000xFdEIAU,Cancellation,005Do000000v14G
800Do000000xFDhIAM,Cancellation,005Do000000v14G
800Do000000xFDIIA2,Cancellation,005Do000000v14G
800Do000000xFdIIAU,Cancellation,005Do000000v14G
800Do000000xFDJIA2,Cancellation,005Do000000v14G
800Do000000xFdKIAU,Cancellation,005Do000000v14G
800Do000000xFDpIAM,Cancellation,005Do000000v14G
800Do000000xFDRIA2,Cancellation,005Do000000v14G
800Do000000xFdSIAU,Cancellation,005Do000000v14G
800Do000000xFDUIA2,Cancellation,005Do000000v14G
800Do000000xFdVIAU,Cancellation,005Do000000v14G
800Do000000xFDwIAM,Cancellation,005Do000000v14G
800Do000000xFe1IAE,Cancellation,005Do000000v14G
800Do000000xFEEIA2,Cancellation,005Do000000v14G
800Do000000xFenIAE,Cancellation,005Do000000v14G
800Do000000xFeoIAE,Cancellation,005Do000000v14G
800Do000000xFepIAE,Cancellation,005Do000000v14G
800Do000000xFetIAE,Cancellation,005Do000000v14G
800Do000000xFewIAE,Cancellation,005Do000000v14G
800Do000000xFExIAM,Cancellation,005Do000000v14G
800Do000000xFfEIAU,Cancellation,005Do000000v14G
800Do000000xFfJIAU,Cancellation,005Do000000v14G
800Do000000xFFsIAM,Cancellation,005Do000000v14G
800Do000000xFGjIAM,Cancellation,005Do000000v14G
800Do000000xFGtIAM,Cancellation,005Do000000v14G
800Do000000xFGZIA2,Cancellation,005Do000000v14G
800Do000000xFH4IAM,Cancellation,005Do000000v14G
800Do000000xFHrIAM,Cancellation,005Do000000v14G
800Do000000xFHwIAM,Cancellation,005Do000000v14G
800Do000000xFI9IAM,Cancellation,005Do000000v14G
800Do000000xFIaIAM,Cancellation,005Do000000v14G
800Do000000xFIJIA2,Cancellation,005Do000000v14G
800Do000000xFIMIA2,Cancellation,005Do000000v14G
800Do000000xFJFIA2,Cancellation,005Do000000v14G
800Do000000xFk7IAE,Cancellation,005Do000000v14G
800Do000000xFkdIAE,Cancellation,005Do000000v14G
800Do000000xFkyIAE,Cancellation,005Do000000v14G
800Do000000xFl5IAE,Cancellation,005Do000000v14G
800Do000000xFlaIAE,Cancellation,005Do000000v14G
800Do000000xFlAIAU,Cancellation,005Do000000v14G
800Do000000xFljIAE,Cancellation,005Do000000v14G
800Do000000xFlqIAE,Cancellation,005Do000000v14G
800Do000000xFlVIAU,Cancellation,005Do000000v14G
800Do000000xFlwIAE,Cancellation,005Do000000v14G
800Do000000xFmHIAU,Cancellation,005Do000000v14G
800Do000000xFniIAE,Cancellation,005Do000000v14G
800Do000000xFnyIAE,Cancellation,005Do000000v14G
800Do000000xFo1IAE,Cancellation,005Do000000v14G
800Do000000xFo3IAE,Cancellation,005Do000000v14G
800Do000000xFonIAE,Cancellation,005Do000000v14G
800Do000000xFoyIAE,Cancellation,005Do000000v14G
800Do000000xFOzIAM,Cancellation,005Do000000v14G
800Do000000xFP8IAM,Cancellation,005Do000000v14G
800Do000000xFpcIAE,Cancellation,005Do000000v14G
800Do000000xFPcIAM,Cancellation,005Do000000v14G
800Do000000xFpdIAE,Cancellation,005Do000000v14G
800Do000000xFpjIAE,Cancellation,005Do000000v14G
800Do000000xFpNIAU,Cancellation,005Do000000v14G
800Do000000xFppIAE,Cancellation,005Do000000v14G
800Do000000xFPUIA2,Cancellation,005Do000000v14G
800Do000000xFPwIAM,Cancellation,005Do000000v14G
800Do000000xFPZIA2,Cancellation,005Do000000v14G
800Do000000xFQ0IAM,Cancellation,005Do000000v14G
800Do000000xFq4IAE,Cancellation,005Do000000v14G
800Do000000xFQPIA2,Cancellation,005Do000000v14G
800Do000000xFSgIAM,Cancellation,005Do000000v14G
800Do000000xFSNIA2,Cancellation,005Do000000v14G
800Do000000xFSuIAM,Cancellation,005Do000000v14G
800Do000000xFT5IAM,Cancellation,005Do000000v14G
800Do000000xFTaIAM,Cancellation,005Do000000v14G
800Do000000xFTbIAM,Cancellation,005Do000000v14G
800Do000000xFTJIA2,Cancellation,005Do000000v14G
800Do000000xFTMIA2,Cancellation,005Do000000v14G
800Do000000xFTNIA2,Cancellation,005Do000000v14G
800Do000000xFTrIAM,Cancellation,005Do000000v14G
800Do000000xFUbIAM,Cancellation,005Do000000v14G
800Do000000xFUnIAM,Cancellation,005Do000000v14G
800Do000000xFUSIA2,Cancellation,005Do000000v14G
800Do000000xFUVIA2,Cancellation,005Do000000v14G
800Do000000xFuwIAE,Cancellation,005Do000000v14G
800Do000000xFuyIAE,Cancellation,005Do000000v14G
800Do000000xFv3IAE,Cancellation,005Do000000v14G
800Do000000xFvaIAE,Cancellation,005Do000000v14G
800Do000000xFvGIAU,Cancellation,005Do000000v14G
800Do000000xFvMIAU,Cancellation,005Do000000v14G
800Do000000xFvnIAE,Cancellation,005Do000000v14G
800Do000000xFvXIAU,Cancellation,005Do000000v14G
800Do000000xFwBIAU,Cancellation,005Do000000v14G
800Do000000xFwFIAU,Cancellation,005Do000000v14G
800Do000000xFwyIAE,Cancellation,005Do000000v14G
800Do000000xFwzIAE,Cancellation,005Do000000v14G
800Do000000xFwZIAU,Cancellation,005Do000000v14G
800Do000000xFycIAE,Cancellation,005Do000000v14G
800Do000000xFyHIAU,Cancellation,005Do000000v14G
800Do000000xFyvIAE,Cancellation,005Do000000v14G
800Do000000xFz2IAE,Cancellation,005Do000000v14G
800Do000000xFzcIAE,Cancellation,005Do000000v14G
800Do000000xFzEIAU,Cancellation,005Do000000v14G
800Do000000xFzGIAU,Cancellation,005Do000000v14G
800Do000000xFZiIAM,Cancellation,005Do000000v14G
800Do000000xFzKIAU,Cancellation,005Do000000v14G
800Do000000xFzTIAU,Cancellation,005Do000000v14G
800Do000000xG05IAE,Cancellation,005Do000000v14G
800Do000000xG0oIAE,Cancellation,005Do000000v14G
800Do000000xG0QIAU,Cancellation,005Do000000v14G
800Do000000xG0zIAE,Cancellation,005Do000000v14G
800Do000000xG10IAE,Cancellation,005Do000000v14G
800Do000000xG19IAE,Cancellation,005Do000000v14G
800Do000000xG6fIAE,Cancellation,005Do000000v14G
800Do000000xG6lIAE,Cancellation,005Do000000v14G
800Do000000xG6PIAU,Cancellation,005Do000000v14G
800Do000000xG77IAE,Cancellation,005Do000000v14G
800Do000000xG79IAE,Cancellation,005Do000000v14G
800Do000000xG7AIAU,Cancellation,005Do000000v14G
800Do000000xG7DIAU,Cancellation,005Do000000v14G
800Do000000xG7TIAU,Cancellation,005Do000000v14G
800Do000000xG7zIAE,Cancellation,005Do000000v14G
800Do000000xG83IAE,Cancellation,005Do000000v14G
800Do000000xG8KIAU,Cancellation,005Do000000v14G
800Do000000xG98IAE,Cancellation,005Do000000v14G
800Do000000xG9CIAU,Cancellation,005Do000000v14G
800Do000000xG9dIAE,Cancellation,005Do000000v14G
800Do000000xG9MIAU,Cancellation,005Do000000v14G
800Do000000xG9oIAE,Cancellation,005Do000000v14G
800Do000000xG9pIAE,Cancellation,005Do000000v14G
800Do000000xG9rIAE,Cancellation,005Do000000v14G
800Do000000xG9RIAU,Cancellation,005Do000000v14G
800Do000000xG9vIAE,Cancellation,005Do000000v14G
800Do000000xG9XIAU,Cancellation,005Do000000v14G
800Do000000xGA2IAM,Cancellation,005Do000000v14G
800Do000000xGA6IAM,Cancellation,005Do000000v14G
800Do000000xGA8IAM,Cancellation,005Do000000v14G
800Do000000xGAlIAM,Cancellation,005Do000000v14G
800Do000000xGAMIA2,Cancellation,005Do000000v14G
800Do000000xGArIAM,Cancellation,005Do000000v14G
800Do000000xGATIA2,Cancellation,005Do000000v14G
800Do000000xGAWIA2,Cancellation,005Do000000v14G
800Do000000xGAZIA2,Cancellation,005Do000000v14G
800Do000000xGAzIAM,Cancellation,005Do000000v14G
800Do000000xGB0IAM,Cancellation,005Do000000v14G
800Do000000xGB7IAM,Cancellation,005Do000000v14G
800Do000000xGBaIAM,Cancellation,005Do000000v14G
800Do000000xGBCIA2,Cancellation,005Do000000v14G
800Do000000xGBcIAM,Cancellation,005Do000000v14G
800Do000000xGBGIA2,Cancellation,005Do000000v14G
800Do000000xGBiIAM,Cancellation,005Do000000v14G
800Do000000xGBMIA2,Cancellation,005Do000000v14G
800Do000000xGBOIA2,Cancellation,005Do000000v14G
800Do000000xGBQIA2,Cancellation,005Do000000v14G
800Do000000xGBYIA2,Cancellation,005Do000000v14G
800Do000000xGdbIAE,Cancellation,005Do000000v14G
800Do000000xGdHIAU,Cancellation,005Do000000v14G
800Do000000xGdQIAU,Cancellation,005Do000000v14G
800Do000000xGdYIAU,Cancellation,005Do000000v14G
800Do000000xGe9IAE,Cancellation,005Do000000v14G
800Do000000xGeaIAE,Cancellation,005Do000000v14G
800Do000000xGeBIAU,Cancellation,005Do000000v14G
800Do000000xGeCIAU,Cancellation,005Do000000v14G
800Do000000xGeEIAU,Cancellation,005Do000000v14G
800Do000000xGefIAE,Cancellation,005Do000000v14G
800Do000000xGeFIAU,Cancellation,005Do000000v14G
800Do000000xGeGIAU,Cancellation,005Do000000v14G
800Do000000xGehIAE,Cancellation,005Do000000v14G
800Do000000xGeIIAU,Cancellation,005Do000000v14G
800Do000000xGeqIAE,Cancellation,005Do000000v14G
800Do000000xGeQIAU,Cancellation,005Do000000v14G
800Do000000xGetIAE,Cancellation,005Do000000v14G
800Do000000xGeYIAU,Cancellation,005Do000000v14G
800Do000000xGf2IAE,Cancellation,005Do000000v14G
800Do000000xGfaIAE,Cancellation,005Do000000v14G
800Do000000xGfAIAU,Cancellation,005Do000000v14G
800Do000000xGfCIAU,Cancellation,005Do000000v14G
800Do000000xGfdIAE,Cancellation,005Do000000v14G
800Do000000xGfgIAE,Cancellation,005Do000000v14G
800Do000000xGfhIAE,Cancellation,005Do000000v14G
800Do000000xGfiIAE,Cancellation,005Do000000v14G
800Do000000xGfMIAU,Cancellation,005Do000000v14G
800Do000000xGfNIAU,Cancellation,005Do000000v14G
800Do000000xGfoIAE,Cancellation,005Do000000v14G
800Do000000xGfOIAU,Cancellation,005Do000000v14G
800Do000000xGftIAE,Cancellation,005Do000000v14G
800Do000000xGfUIAU,Cancellation,005Do000000v14G
800Do000000xGfVIAU,Cancellation,005Do000000v14G
800Do000000xGfWIAU,Cancellation,005Do000000v14G
800Do000000xGfXIAU,Cancellation,005Do000000v14G
800Do000000xGHiIAM,Cancellation,005Do000000v14G
800Do000000xGHQIA2,Cancellation,005Do000000v14G
800Do000000xGHrIAM,Cancellation,005Do000000v14G
800Do000000xGICIA2,Cancellation,005Do000000v14G
800Do000000xGIOIA2,Cancellation,005Do000000v14G
800Do000000xGIPIA2,Cancellation,005Do000000v14G
800Do000000xGIwIAM,Cancellation,005Do000000v14G
800Do000000xGJrIAM,Cancellation,005Do000000v14G
800Do000000xGJUIA2,Cancellation,005Do000000v14G
800Do000000xGJVIA2,Cancellation,005Do000000v14G
800Do000000xGKeIAM,Cancellation,005Do000000v14G
800Do000000xGKfIAM,Cancellation,005Do000000v14G
800Do000000xGKiIAM,Cancellation,005Do000000v14G
800Do000000xGKkIAM,Cancellation,005Do000000v14G
800Do000000xGKmIAM,Cancellation,005Do000000v14G
800Do000000xGKPIA2,Cancellation,005Do000000v14G
800Do000000xGKrIAM,Cancellation,005Do000000v14G
800Do000000xGKsIAM,Cancellation,005Do000000v14G
800Do000000xGKwIAM,Cancellation,005Do000000v14G
800Do000000xGKYIA2,Cancellation,005Do000000v14G
800Do000000xGL1IAM,Cancellation,005Do000000v14G
800Do000000xGL6IAM,Cancellation,005Do000000v14G
800Do000000xGLaIAM,Cancellation,005Do000000v14G
800Do000000xGLCIA2,Cancellation,005Do000000v14G
800Do000000xGLfIAM,Cancellation,005Do000000v14G
800Do000000xGLhIAM,Cancellation,005Do000000v14G
800Do000000xGLlIAM,Cancellation,005Do000000v14G
800Do000000xGLPIA2,Cancellation,005Do000000v14G
800Do000000xGLSIA2,Cancellation,005Do000000v14G
800Do000000xGLvIAM,Cancellation,005Do000000v14G
800Do000000xGM6IAM,Cancellation,005Do000000v14G
800Do000000xGMCIA2,Cancellation,005Do000000v14G
800Do000000xGMKIA2,Cancellation,005Do000000v14G
800Do000000xGMMIA2,Cancellation,005Do000000v14G
800Do000000xGMNIA2,Cancellation,005Do000000v14G
800Do000000xGMOIA2,Cancellation,005Do000000v14G
800Do000000xGMoIAM,Cancellation,005Do000000v14G
800Do000000xGMpIAM,Cancellation,005Do000000v14G
800Do000000xGMuIAM,Cancellation,005Do000000v14G
800Do000000xGMVIA2,Cancellation,005Do000000v14G
800Do000000xGMwIAM,Cancellation,005Do000000v14G
800Do000000xGnnIAE,Cancellation,005Do000000v14G
800Do000000xGnoIAE,Cancellation,005Do000000v14G
800Do000000xGnqIAE,Cancellation,005Do000000v14G
800Do000000xGo0IAE,Cancellation,005Do000000v14G
800Do000000xGo2IAE,Cancellation,005Do000000v14G
800Do000000xGo4IAE,Cancellation,005Do000000v14G
800Do000000xGo8IAE,Cancellation,005Do000000v14G
800Do000000xGo9IAE,Cancellation,005Do000000v14G
800Do000000xGoaIAE,Cancellation,005Do000000v14G
800Do000000xGodIAE,Cancellation,005Do000000v14G
800Do000000xGogIAE,Cancellation,005Do000000v14G
800Do000000xGohIAE,Cancellation,005Do000000v14G
800Do000000xGokIAE,Cancellation,005Do000000v14G
800Do000000xGoQIAU,Cancellation,005Do000000v14G
800Do000000xGorIAE,Cancellation,005Do000000v14G
800Do000000xGoUIAU,Cancellation,005Do000000v14G
800Do000000xGoYIAU,Cancellation,005Do000000v14G
800Do000000xGp2IAE,Cancellation,005Do000000v14G
800Do000000xGp5IAE,Cancellation,005Do000000v14G
800Do000000xGp6IAE,Cancellation,005Do000000v14G
800Do000000xGp8IAE,Cancellation,005Do000000v14G
800Do000000xGpaIAE,Cancellation,005Do000000v14G
800Do000000xGpAIAU,Cancellation,005Do000000v14G
800Do000000xGpdIAE,Cancellation,005Do000000v14G
800Do000000xGpGIAU,Cancellation,005Do000000v14G
800Do000000xGpuIAE,Cancellation,005Do000000v14G
800Do000000xGpUIAU,Cancellation,005Do000000v14G
800Do000000xGpyIAE,Cancellation,005Do000000v14G
800Do000000xGpYIAU,Cancellation,005Do000000v14G
800Do000000xGq3IAE,Cancellation,005Do000000v14G
800Do000000xGRoIAM,Cancellation,005Do000000v14G
800Do000000xGSgIAM,Cancellation,005Do000000v14G
800Do000000xGSNIA2,Cancellation,005Do000000v14G
800Do000000xGSsIAM,Cancellation,005Do000000v14G
800Do000000xGSwIAM,Cancellation,005Do000000v14G
800Do000000xGSzIAM,Cancellation,005Do000000v14G
800Do000000xGT9IAM,Cancellation,005Do000000v14G
800Do000000xGTDIA2,Cancellation,005Do000000v14G
800Do000000xGtEIAU,Cancellation,005Do000000v14G
800Do000000xGTNIA2,Cancellation,005Do000000v14G
800Do000000xGToIAM,Cancellation,005Do000000v14G
800Do000000xGTQIA2,Cancellation,005Do000000v14G
800Do000000xGTYIA2,Cancellation,005Do000000v14G
800Do000000xGU3IAM,Cancellation,005Do000000v14G
800Do000000xGUIIA2,Cancellation,005Do000000v14G
800Do000000xGUNIA2,Cancellation,005Do000000v14G
800Do000000xGVBIA2,Cancellation,005Do000000v14G
800Do000000xGVgIAM,Cancellation,005Do000000v14G
800Do000000xGVHIA2,Cancellation,005Do000000v14G
800Do000000xGVhIAM,Cancellation,005Do000000v14G
800Do000000xGVKIA2,Cancellation,005Do000000v14G
800Do000000xGVLIA2,Cancellation,005Do000000v14G
800Do000000xGVOIA2,Cancellation,005Do000000v14G
800Do000000xGVtIAM,Cancellation,005Do000000v14G
800Do000000xGVvIAM,Cancellation,005Do000000v14G
800Do000000xGVwIAM,Cancellation,005Do000000v14G
800Do000000xGVZIA2,Cancellation,005Do000000v14G
800Do000000xGVzIAM,Cancellation,005Do000000v14G
800Do000000xGW3IAM,Cancellation,005Do000000v14G
800Do000000xGW4IAM,Cancellation,005Do000000v14G
800Do000000xGW8IAM,Cancellation,005Do000000v14G
800Do000000xGWdIAM,Cancellation,005Do000000v14G
800Do000000xGWhIAM,Cancellation,005Do000000v14G
800Do000000xGWkIAM,Cancellation,005Do000000v14G
800Do000000xGWoIAM,Cancellation,005Do000000v14G
800Do000000xGWqIAM,Cancellation,005Do000000v14G
800Do000000xGWTIA2,Cancellation,005Do000000v14G
800Do000000xGWtIAM,Cancellation,005Do000000v14G
800Do000000xGWuIAM,Cancellation,005Do000000v14G
800Do000000xGWwIAM,Cancellation,005Do000000v14G
800Do000000xGWXIA2,Cancellation,005Do000000v14G
800Do000000xGWxIAM,Cancellation,005Do000000v14G
800Do000000xGWYIA2,Cancellation,005Do000000v14G
800Do000000xGX6IAM,Cancellation,005Do000000v14G
800Do000000xGXcIAM,Cancellation,005Do000000v14G
800Do000000xGXEIA2,Cancellation,005Do000000v14G
800Do000000xGXFIA2,Cancellation,005Do000000v14G
800Do000000xGXlIAM,Cancellation,005Do000000v14G
800Do000000xGXMIA2,Cancellation,005Do000000v14G
800Do000000xGXWIA2,Cancellation,005Do000000v14G
800Do000000xH4vIAE,Cancellation,005Do000000v14G
800Do000000xH5DIAU,Cancellation,005Do000000v14G
800Do000000xH5FIAU,Cancellation,005Do000000v14G
800Do000000xH5PIAU,Cancellation,005Do000000v14G
800Do000000xH5VIAU,Cancellation,005Do000000v14G
800Do000000xH9CIAU,Cancellation,005Do000000v14G
800Do000000xHaIIAU,Cancellation,005Do000000v14G
800Do000000xHANIA2,Cancellation,005Do000000v14G
800Do000000xHbDIAU,Cancellation,005Do000000v14G
800Do000000xHbFIAU,Cancellation,005Do000000v14G
800Do000000xHBTIA2,Cancellation,005Do000000v14G
800Do000000xHciIAE,Cancellation,005Do000000v14G
800Do000000xHcJIAU,Cancellation,005Do000000v14G
800Do000000xHclIAE,Cancellation,005Do000000v14G
800Do000000xHctIAE,Cancellation,005Do000000v14G
800Do000000xHcvIAE,Cancellation,005Do000000v14G
800Do000000xHdiIAE,Cancellation,005Do000000v14G
800Do000000xHdqIAE,Cancellation,005Do000000v14G
800Do000000xHe0IAE,Cancellation,005Do000000v14G
800Do000000xHe6IAE,Cancellation,005Do000000v14G
800Do000000xHeaIAE,Cancellation,005Do000000v14G
800Do000000xHEmIAM,Cancellation,005Do000000v14G
800Do000000xHepIAE,Cancellation,005Do000000v14G
800Do000000xHEsIAM,Cancellation,005Do000000v14G
800Do000000xHeTIAU,Cancellation,005Do000000v14G
800Do000000xHf0IAE,Cancellation,005Do000000v14G
800Do000000xHfhIAE,Cancellation,005Do000000v14G
800Do000000xHfjIAE,Cancellation,005Do000000v14G
800Do000000xHg4IAE,Cancellation,005Do000000v14G
800Do000000xHg7IAE,Cancellation,005Do000000v14G
800Do000000xHg8IAE,Cancellation,005Do000000v14G
800Do000000xHGGIA2,Cancellation,005Do000000v14G
800Do000000xHH1IAM,Cancellation,005Do000000v14G
800Do000000xHhaIAE,Cancellation,005Do000000v14G
800Do000000xHhbIAE,Cancellation,005Do000000v14G
800Do000000xHheIAE,Cancellation,005Do000000v14G
800Do000000xHinIAE,Cancellation,005Do000000v14G
800Do000000xHjgIAE,Cancellation,005Do000000v14G
800Do000000xHjyIAE,Cancellation,005Do000000v14G
800Do000000xHjZIAU,Cancellation,005Do000000v14G
800Do000000xHkAIAU,Cancellation,005Do000000v14G
800Do000000xHkfIAE,Cancellation,005Do000000v14G
800Do000000xHkGIAU,Cancellation,005Do000000v14G
800Do000000xHKmIAM,Cancellation,005Do000000v14G
800Do000000xHKxIAM,Cancellation,005Do000000v14G
800Do000000xHl1IAE,Cancellation,005Do000000v14G
800Do000000xHL5IAM,Cancellation,005Do000000v14G
800Do000000xHL9IAM,Cancellation,005Do000000v14G
800Do000000xHLrIAM,Cancellation,005Do000000v14G
800Do000000xHM4IAM,Cancellation,005Do000000v14G
800Do000000xHmBIAU,Cancellation,005Do000000v14G
800Do000000xHmqIAE,Cancellation,005Do000000v14G
800Do000000xHmRIAU,Cancellation,005Do000000v14G
800Do000000xHNdIAM,Cancellation,005Do000000v14G
800Do000000xHniIAE,Cancellation,005Do000000v14G
800Do000000xHnIIAU,Cancellation,005Do000000v14G
800Do000000xHnsIAE,Cancellation,005Do000000v14G
800Do000000xHnZIAU,Cancellation,005Do000000v14G
800Do000000xHObIAM,Cancellation,005Do000000v14G
800Do000000xHoFIAU,Cancellation,005Do000000v14G
800Do000000xHomIAE,Cancellation,005Do000000v14G
800Do000000xHooIAE,Cancellation,005Do000000v14G
800Do000000xHoOIAU,Cancellation,005Do000000v14G
800Do000000xHowIAE,Cancellation,005Do000000v14G
800Do000000xHozIAE,Cancellation,005Do000000v14G
800Do000000xHp2IAE,Cancellation,005Do000000v14G
800Do000000xHpHIAU,Cancellation,005Do000000v14G
800Do000000xHpmIAE,Cancellation,005Do000000v14G
800Do000000xHpMIAU,Cancellation,005Do000000v14G
800Do000000xHpnIAE,Cancellation,005Do000000v14G
800Do000000xHPOIA2,Cancellation,005Do000000v14G
800Do000000xHpvIAE,Cancellation,005Do000000v14G
800Do000000xHq5IAE,Cancellation,005Do000000v14G
800Do000000xHqAIAU,Cancellation,005Do000000v14G
800Do000000xHQBIA2,Cancellation,005Do000000v14G
800Do000000xHQbIAM,Cancellation,005Do000000v14G
800Do000000xHqfIAE,Cancellation,005Do000000v14G
800Do000000xHqGIAU,Cancellation,005Do000000v14G
800Do000000xHQiIAM,Cancellation,005Do000000v14G
800Do000000xHQnIAM,Cancellation,005Do000000v14G
800Do000000xHqOIAU,Cancellation,005Do000000v14G
800Do000000xHqpIAE,Cancellation,005Do000000v14G
800Do000000xHqVIAU,Cancellation,005Do000000v14G
800Do000000xHqYIAU,Cancellation,005Do000000v14G
800Do000000xHqZIAU,Cancellation,005Do000000v14G
800Do000000xHr0IAE,Cancellation,005Do000000v14G
800Do000000xHr1IAE,Cancellation,005Do000000v14G
800Do000000xHr2IAE,Cancellation,005Do000000v14G
800Do000000xHR7IAM,Cancellation,005Do000000v14G
800Do000000xHRCIA2,Cancellation,005Do000000v14G
800Do000000xHRnIAM,Cancellation,005Do000000v14G
800Do000000xHRRIA2,Cancellation,005Do000000v14G
800Do000000xHRTIA2,Cancellation,005Do000000v14G
800Do000000xHS5IAM,Cancellation,005Do000000v14G
800Do000000xHsDIAU,Cancellation,005Do000000v14G
800Do000000xHSMIA2,Cancellation,005Do000000v14G
800Do000000xHSOIA2,Cancellation,005Do000000v14G
800Do000000xHSRIA2,Cancellation,005Do000000v14G
800Do000000xHtbIAE,Cancellation,005Do000000v14G
800Do000000xHTeIAM,Cancellation,005Do000000v14G
800Do000000xHtiIAE,Cancellation,005Do000000v14G
800Do000000xHTjIAM,Cancellation,005Do000000v14G
800Do000000xHTOIA2,Cancellation,005Do000000v14G
800Do000000xHTqIAM,Cancellation,005Do000000v14G
800Do000000xHTRIA2,Cancellation,005Do000000v14G
800Do000000xHttIAE,Cancellation,005Do000000v14G
800Do000000xHTUIA2,Cancellation,005Do000000v14G
800Do000000xHtWIAU,Cancellation,005Do000000v14G
800Do000000xHU6IAM,Cancellation,005Do000000v14G
800Do000000xHuEIAU,Cancellation,005Do000000v14G
800Do000000xHuGIAU,Cancellation,005Do000000v14G
800Do000000xHUpIAM,Cancellation,005Do000000v14G
800Do000000xHUSIA2,Cancellation,005Do000000v14G
800Do000000xHUsIAM,Cancellation,005Do000000v14G
800Do000000xHUuIAM,Cancellation,005Do000000v14G
800Do000000xHUwIAM,Cancellation,005Do000000v14G
800Do000000xHUYIA2,Cancellation,005Do000000v14G
800Do000000xHV8IAM,Cancellation,005Do000000v14G
800Do000000xHvbIAE,Cancellation,005Do000000v14G
800Do000000xHvdIAE,Cancellation,005Do000000v14G
800Do000000xHVfIAM,Cancellation,005Do000000v14G
800Do000000xHVNIA2,Cancellation,005Do000000v14G
800Do000000xHVpIAM,Cancellation,005Do000000v14G
800Do000000xHVQIA2,Cancellation,005Do000000v14G
800Do000000xHVRIA2,Cancellation,005Do000000v14G
800Do000000xHvuIAE,Cancellation,005Do000000v14G
800Do000000xHwcIAE,Cancellation,005Do000000v14G
800Do000000xHwGIAU,Cancellation,005Do000000v14G
800Do000000xHwjIAE,Cancellation,005Do000000v14G
800Do000000xHwpIAE,Cancellation,005Do000000v14G
800Do000000xHxBIAU,Cancellation,005Do000000v14G
800Do000000xHxdIAE,Cancellation,005Do000000v14G
800Do000000xHxDIAU,Cancellation,005Do000000v14G
800Do000000xHYkIAM,Cancellation,005Do000000v14G
800Do000000xHyKIAU,Cancellation,005Do000000v14G
800Do000000xHynIAE,Cancellation,005Do000000v14G
800Do000000xHyoIAE,Cancellation,005Do000000v14G
800Do000000xHyVIAU,Cancellation,005Do000000v14G
800Do000000xHzcIAE,Cancellation,005Do000000v14G
800Do000000xHzdIAE,Cancellation,005Do000000v14G
800Do000000xHzhIAE,Cancellation,005Do000000v14G
800Do000000xHznIAE,Cancellation,005Do000000v14G
800Do000000xHzNIAU,Cancellation,005Do000000v14G
800Do000000xHzZIAU,Cancellation,005Do000000v14G
800Do000000xI0hIAE,Cancellation,005Do000000v14G
800Do000000xI0qIAE,Cancellation,005Do000000v14G
800Do000000xI0QIAU,Cancellation,005Do000000v14G
800Do000000xI13IAE,Cancellation,005Do000000v14G
800Do000000xI1cIAE,Cancellation,005Do000000v14G
800Do000000xI1HIAU,Cancellation,005Do000000v14G
800Do000000xI1IIAU,Cancellation,005Do000000v14G
800Do000000xI1jIAE,Cancellation,005Do000000v14G
800Do000000xI1mIAE,Cancellation,005Do000000v14G
800Do000000xI1wIAE,Cancellation,005Do000000v14G
800Do000000xI21IAE,Cancellation,005Do000000v14G
800Do000000xI26IAE,Cancellation,005Do000000v14G
800Do000000xI28IAE,Cancellation,005Do000000v14G
800Do000000xI29IAE,Cancellation,005Do000000v14G
800Do000000xI2bIAE,Cancellation,005Do000000v14G
800Do000000xI2fIAE,Cancellation,005Do000000v14G
800Do000000xI2FIAU,Cancellation,005Do000000v14G
800Do000000xI2OIAU,Cancellation,005Do000000v14G
800Do000000xI2PIAU,Cancellation,005Do000000v14G
800Do000000xI2WIAU,Cancellation,005Do000000v14G
800Do000000xO4iIAE,Cancellation,005Do000000v14G
800Do000000x932IAA,Cancellation,005Do000000v14G
800Do000000x97EIAQ,Cancellation,005Do000000v14G
800Do000000x9DfIAI,Cancellation,005Do000000v14G
800Do000000x9t4IAA,Cancellation,005Do000000v14G
800Do000000xA2VIAU,Cancellation,005Do000000v14G
800Do000000xA75IAE,Cancellation,005Do000000v14G
800Do000000xA92IAE,Cancellation,005Do000000v14G
800Do000000xaASIAY,Cancellation,005Do000000v14G
800Do000000xAeNIAU,Cancellation,005Do000000v14G
800Do000000xAHmIAM,Cancellation,005Do000000v14G
800Do000000xAjDIAU,Cancellation,005Do000000v14G
800Do000000xAXgIAM,Cancellation,005Do000000v14G
800Do000000xAZfIAM,Cancellation,005Do000000v14G
800Do000000xB6bIAE,Cancellation,005Do000000v14G
800Do000000xBedIAE,Cancellation,005Do000000v14G
800Do000000xBemIAE,Cancellation,005Do000000v14G
800Do000000xBesIAE,Cancellation,005Do000000v14G
800Do000000xBFJIA2,Cancellation,005Do000000v14G
800Do000000xBG9IAM,Cancellation,005Do000000v14G
800Do000000xBnmIAE,Cancellation,005Do000000v14G
800Do000000xBnuIAE,Cancellation,005Do000000v14G
800Do000000xBnxIAE,Cancellation,005Do000000v14G
800Do000000xBseIAE,Cancellation,005Do000000v14G
800Do000000xBzTIAU,Cancellation,005Do000000v14G
800Do000000xCc5IAE,Cancellation,005Do000000v14G
800Do000000xCFQIA2,Cancellation,005Do000000v14G
800Do000000xCFWIA2,Cancellation,005Do000000v14G
800Do000000xCYHIA2,Cancellation,005Do000000v14G
800Do000000xDG7IAM,Cancellation,005Do000000v14G
800Do000000xDIIIA2,Cancellation,005Do000000v14G
800Do000000xDrjIAE,Cancellation,005Do000000v14G
800Do000000xDVDIA2,Cancellation,005Do000000v14G
800Do000000xE1CIAU,Cancellation,005Do000000v14G
800Do000000xEDnIAM,Cancellation,005Do000000v14G
800Do000000xEYLIA2,Cancellation,005Do000000v14G
800Do000000xEYTIA2,Cancellation,005Do000000v14G
800Do000000xFElIAM,Cancellation,005Do000000v14G
800Do000000xFSMIA2,Cancellation,005Do000000v14G
800Do000000xFTFIA2,Cancellation,005Do000000v14G
800Do000000xFUKIA2,Cancellation,005Do000000v14G
800Do000000xFyGIAU,Cancellation,005Do000000v14G
800Do000000xGJbIAM,Cancellation,005Do000000v14G
800Do000000xGTZIA2,Cancellation,005Do000000v14G
800Do000000xHaQIAU,Cancellation,005Do000000v14G
800Do000000xHlgIAE,Cancellation,005Do000000v14G
800Do000000xHnaIAE,Cancellation,005Do000000v14G
800Do000000xHqbIAE,Cancellation,005Do000000v14G
800Do000000xHvQIAU,Cancellation,005Do000000v14G
800Do000000xZPRIA2,Cancellation,005Do000000v14G
